39,39,mrYL3X0VTjc+Qg1BGsDHnjyCpOU=,zZSxvAoRGV8w6ymKsDYN3oimrDM=
40,36,mrYL3X0VTjc+Qg1BGsDHnjyCpOU=,otIX3K4bVQnJ+F2WJ/k0L9vMY3E=
41,36,mrYL3X0VTjc+Qg1BGsDHnjyCpOU=,otIX3K4bVQnJ+F2WJ/k0L9vMY3E=
38,37,mrYL3X0VTjc+Qg1BGsDHnjyCpOU=,zZSxvAoRGV8w6ymKsDYN3oimrDM=
36,41,mrYL3X0VTjc+Qg1BGsDHnjyCpOU=,E9OuUghIf2E9QxiXvSW+41upfJ4=
38,41,mrYL3X0VTjc+Qg1BGsDHnjyCpOU=,E9OuUghIf2E9QxiXvSW+41upfJ4=
43,39,mrYL3X0VTjc+Qg1BGsDHnjyCpOU=,otIX3K4bVQnJ+F2WJ/k0L9vMY3E=
39,38,mrYL3X0VTjc+Qg1BGsDHnjyCpOU=,zZSxvAoRGV8w6ymKsDYN3oimrDM=
40,40,mrYL3X0VTjc+Qg1BGsDHnjyCpOU=,DePyQXpPFjxAQqxCFWhFANhdVaM=
37,41,mrYL3X0VTjc+Qg1BGsDHnjyCpOU=,E9OuUghIf2E9QxiXvSW+41upfJ4=
37,36,mrYL3X0VTjc+Qg1BGsDHnjyCpOU=,zZSxvAoRGV8w6ymKsDYN3oimrDM=
36,42,mrYL3X0VTjc+Qg1BGsDHnjyCpOU=,E9OuUghIf2E9QxiXvSW+41upfJ4=
36,36,mrYL3X0VTjc+Qg1BGsDHnjyCpOU=,zZSxvAoRGV8w6ymKsDYN3oimrDM=
42,36,mrYL3X0VTjc+Qg1BGsDHnjyCpOU=,otIX3K4bVQnJ+F2WJ/k0L9vMY3E=
38,42,mrYL3X0VTjc+Qg1BGsDHnjyCpOU=,E9OuUghIf2E9QxiXvSW+41upfJ4=
43,36,mrYL3X0VTjc+Qg1BGsDHnjyCpOU=,otIX3K4bVQnJ+F2WJ/k0L9vMY3E=
37,42,mrYL3X0VTjc+Qg1BGsDHnjyCpOU=,E9OuUghIf2E9QxiXvSW+41upfJ4=
38,36,mrYL3X0VTjc+Qg1BGsDHnjyCpOU=,zZSxvAoRGV8w6ymKsDYN3oimrDM=
42,39,mrYL3X0VTjc+Qg1BGsDHnjyCpOU=,otIX3K4bVQnJ+F2WJ/k0L9vMY3E=
39,36,mrYL3X0VTjc+Qg1BGsDHnjyCpOU=,zZSxvAoRGV8w6ymKsDYN3oimrDM=
40,37,mrYL3X0VTjc+Qg1BGsDHnjyCpOU=,otIX3K4bVQnJ+F2WJ/k0L9vMY3E=
41,37,mrYL3X0VTjc+Qg1BGsDHnjyCpOU=,otIX3K4bVQnJ+F2WJ/k0L9vMY3E=
38,38,mrYL3X0VTjc+Qg1BGsDHnjyCpOU=,zZSxvAoRGV8w6ymKsDYN3oimrDM=
42,37,mrYL3X0VTjc+Qg1BGsDHnjyCpOU=,otIX3K4bVQnJ+F2WJ/k0L9vMY3E=
43,37,mrYL3X0VTjc+Qg1BGsDHnjyCpOU=,otIX3K4bVQnJ+F2WJ/k0L9vMY3E=
41,40,mrYL3X0VTjc+Qg1BGsDHnjyCpOU=,DePyQXpPFjxAQqxCFWhFANhdVaM=
37,38,mrYL3X0VTjc+Qg1BGsDHnjyCpOU=,zZSxvAoRGV8w6ymKsDYN3oimrDM=
36,38,mrYL3X0VTjc+Qg1BGsDHnjyCpOU=,zZSxvAoRGV8w6ymKsDYN3oimrDM=
40,38,mrYL3X0VTjc+Qg1BGsDHnjyCpOU=,otIX3K4bVQnJ+F2WJ/k0L9vMY3E=
36,37,mrYL3X0VTjc+Qg1BGsDHnjyCpOU=,zZSxvAoRGV8w6ymKsDYN3oimrDM=
37,37,mrYL3X0VTjc+Qg1BGsDHnjyCpOU=,zZSxvAoRGV8w6ymKsDYN3oimrDM=
36,39,mrYL3X0VTjc+Qg1BGsDHnjyCpOU=,zZSxvAoRGV8w6ymKsDYN3oimrDM=
38,39,mrYL3X0VTjc+Qg1BGsDHnjyCpOU=,zZSxvAoRGV8w6ymKsDYN3oimrDM=
41,38,mrYL3X0VTjc+Qg1BGsDHnjyCpOU=,otIX3K4bVQnJ+F2WJ/k0L9vMY3E=
39,37,mrYL3X0VTjc+Qg1BGsDHnjyCpOU=,zZSxvAoRGV8w6ymKsDYN3oimrDM=
41,39,mrYL3X0VTjc+Qg1BGsDHnjyCpOU=,otIX3K4bVQnJ+F2WJ/k0L9vMY3E=
42,38,mrYL3X0VTjc+Qg1BGsDHnjyCpOU=,otIX3K4bVQnJ+F2WJ/k0L9vMY3E=
37,39,mrYL3X0VTjc+Qg1BGsDHnjyCpOU=,zZSxvAoRGV8w6ymKsDYN3oimrDM=
42,40,mrYL3X0VTjc+Qg1BGsDHnjyCpOU=,DePyQXpPFjxAQqxCFWhFANhdVaM=
36,43,mrYL3X0VTjc+Qg1BGsDHnjyCpOU=,E9OuUghIf2E9QxiXvSW+41upfJ4=
43,38,mrYL3X0VTjc+Qg1BGsDHnjyCpOU=,otIX3K4bVQnJ+F2WJ/k0L9vMY3E=
37,43,mrYL3X0VTjc+Qg1BGsDHnjyCpOU=,E9OuUghIf2E9QxiXvSW+41upfJ4=
40,39,mrYL3X0VTjc+Qg1BGsDHnjyCpOU=,otIX3K4bVQnJ+F2WJ/k0L9vMY3E=
37,40,mrYL3X0VTjc+Qg1BGsDHnjyCpOU=,E9OuUghIf2E9QxiXvSW+41upfJ4=
38,43,mrYL3X0VTjc+Qg1BGsDHnjyCpOU=,E9OuUghIf2E9QxiXvSW+41upfJ4=
36,40,E0juP7+RO2SmAYAxMLnz2JYVshU=,E9OuUghIf2E9QxiXvSW+41upfJ4=
38,40,E0juP7+RO2SmAYAxMLnz2JYVshU=,E9OuUghIf2E9QxiXvSW+41upfJ4=
43,40,E0juP7+RO2SmAYAxMLnz2JYVshU=,DePyQXpPFjxAQqxCFWhFANhdVaM=
39,40,E0juP7+RO2SmAYAxMLnz2JYVshU=,E9OuUghIf2E9QxiXvSW+41upfJ4=
41,43,E0juP7+RO2SmAYAxMLnz2JYVshU=,DePyQXpPFjxAQqxCFWhFANhdVaM=
41,42,E0juP7+RO2SmAYAxMLnz2JYVshU=,DePyQXpPFjxAQqxCFWhFANhdVaM=
39,41,E0juP7+RO2SmAYAxMLnz2JYVshU=,E9OuUghIf2E9QxiXvSW+41upfJ4=
43,43,E0juP7+RO2SmAYAxMLnz2JYVshU=,DePyQXpPFjxAQqxCFWhFANhdVaM=
39,43,E0juP7+RO2SmAYAxMLnz2JYVshU=,E9OuUghIf2E9QxiXvSW+41upfJ4=
42,42,E0juP7+RO2SmAYAxMLnz2JYVshU=,DePyQXpPFjxAQqxCFWhFANhdVaM=
42,43,E0juP7+RO2SmAYAxMLnz2JYVshU=,DePyQXpPFjxAQqxCFWhFANhdVaM=
40,42,E0juP7+RO2SmAYAxMLnz2JYVshU=,DePyQXpPFjxAQqxCFWhFANhdVaM=
39,42,E0juP7+RO2SmAYAxMLnz2JYVshU=,E9OuUghIf2E9QxiXvSW+41upfJ4=
40,43,E0juP7+RO2SmAYAxMLnz2JYVshU=,DePyQXpPFjxAQqxCFWhFANhdVaM=
42,41,E0juP7+RO2SmAYAxMLnz2JYVshU=,DePyQXpPFjxAQqxCFWhFANhdVaM=
43,42,E0juP7+RO2SmAYAxMLnz2JYVshU=,DePyQXpPFjxAQqxCFWhFANhdVaM=
43,41,E0juP7+RO2SmAYAxMLnz2JYVshU=,DePyQXpPFjxAQqxCFWhFANhdVaM=
41,41,E0juP7+RO2SmAYAxMLnz2JYVshU=,DePyQXpPFjxAQqxCFWhFANhdVaM=
40,41,E0juP7+RO2SmAYAxMLnz2JYVshU=,DePyQXpPFjxAQqxCFWhFANhdVaM=
47,39,E0juP7+RO2SmAYAxMLnz2JYVshU=,otIX3K4bVQnJ+F2WJ/k0L9vMY3E=
44,38,E0juP7+RO2SmAYAxMLnz2JYVshU=,otIX3K4bVQnJ+F2WJ/k0L9vMY3E=
47,40,E0juP7+RO2SmAYAxMLnz2JYVshU=,DePyQXpPFjxAQqxCFWhFANhdVaM=
46,38,E0juP7+RO2SmAYAxMLnz2JYVshU=,otIX3K4bVQnJ+F2WJ/k0L9vMY3E=
47,38,E0juP7+RO2SmAYAxMLnz2JYVshU=,otIX3K4bVQnJ+F2WJ/k0L9vMY3E=
45,38,E0juP7+RO2SmAYAxMLnz2JYVshU=,otIX3K4bVQnJ+F2WJ/k0L9vMY3E=
44,41,E0juP7+RO2SmAYAxMLnz2JYVshU=,DePyQXpPFjxAQqxCFWhFANhdVaM=
44,36,E0juP7+RO2SmAYAxMLnz2JYVshU=,otIX3K4bVQnJ+F2WJ/k0L9vMY3E=
45,41,E0juP7+RO2SmAYAxMLnz2JYVshU=,DePyQXpPFjxAQqxCFWhFANhdVaM=
45,36,E0juP7+RO2SmAYAxMLnz2JYVshU=,otIX3K4bVQnJ+F2WJ/k0L9vMY3E=
46,39,E0juP7+RO2SmAYAxMLnz2JYVshU=,otIX3K4bVQnJ+F2WJ/k0L9vMY3E=
47,36,E0juP7+RO2SmAYAxMLnz2JYVshU=,otIX3K4bVQnJ+F2WJ/k0L9vMY3E=
46,36,E0juP7+RO2SmAYAxMLnz2JYVshU=,otIX3K4bVQnJ+F2WJ/k0L9vMY3E=
44,37,E0juP7+RO2SmAYAxMLnz2JYVshU=,otIX3K4bVQnJ+F2WJ/k0L9vMY3E=
46,41,E0juP7+RO2SmAYAxMLnz2JYVshU=,DePyQXpPFjxAQqxCFWhFANhdVaM=
44,42,E0juP7+RO2SmAYAxMLnz2JYVshU=,DePyQXpPFjxAQqxCFWhFANhdVaM=
45,42,A08HVycRoVPGFMZgP+frFajYNp0=,DePyQXpPFjxAQqxCFWhFANhdVaM=
47,43,A08HVycRoVPGFMZgP+frFajYNp0=,DePyQXpPFjxAQqxCFWhFANhdVaM=
45,37,A08HVycRoVPGFMZgP+frFajYNp0=,otIX3K4bVQnJ+F2WJ/k0L9vMY3E=
46,37,A08HVycRoVPGFMZgP+frFajYNp0=,otIX3K4bVQnJ+F2WJ/k0L9vMY3E=
45,39,A08HVycRoVPGFMZgP+frFajYNp0=,otIX3K4bVQnJ+F2WJ/k0L9vMY3E=
44,43,A08HVycRoVPGFMZgP+frFajYNp0=,DePyQXpPFjxAQqxCFWhFANhdVaM=
47,37,A08HVycRoVPGFMZgP+frFajYNp0=,otIX3K4bVQnJ+F2WJ/k0L9vMY3E=
44,39,A08HVycRoVPGFMZgP+frFajYNp0=,otIX3K4bVQnJ+F2WJ/k0L9vMY3E=
46,42,A08HVycRoVPGFMZgP+frFajYNp0=,DePyQXpPFjxAQqxCFWhFANhdVaM=
46,43,A08HVycRoVPGFMZgP+frFajYNp0=,DePyQXpPFjxAQqxCFWhFANhdVaM=
46,40,A08HVycRoVPGFMZgP+frFajYNp0=,DePyQXpPFjxAQqxCFWhFANhdVaM=
45,43,A08HVycRoVPGFMZgP+frFajYNp0=,DePyQXpPFjxAQqxCFWhFANhdVaM=
45,40,A08HVycRoVPGFMZgP+frFajYNp0=,DePyQXpPFjxAQqxCFWhFANhdVaM=
47,41,A08HVycRoVPGFMZgP+frFajYNp0=,DePyQXpPFjxAQqxCFWhFANhdVaM=
44,40,A08HVycRoVPGFMZgP+frFajYNp0=,DePyQXpPFjxAQqxCFWhFANhdVaM=
47,42,A08HVycRoVPGFMZgP+frFajYNp0=,DePyQXpPFjxAQqxCFWhFANhdVaM=
47,47,A08HVycRoVPGFMZgP+frFajYNp0=,DePyQXpPFjxAQqxCFWhFANhdVaM=
44,46,A08HVycRoVPGFMZgP+frFajYNp0=,DePyQXpPFjxAQqxCFWhFANhdVaM=
44,45,A08HVycRoVPGFMZgP+frFajYNp0=,DePyQXpPFjxAQqxCFWhFANhdVaM=
46,46,A08HVycRoVPGFMZgP+frFajYNp0=,DePyQXpPFjxAQqxCFWhFANhdVaM=
45,45,A08HVycRoVPGFMZgP+frFajYNp0=,DePyQXpPFjxAQqxCFWhFANhdVaM=
46,45,A08HVycRoVPGFMZgP+frFajYNp0=,DePyQXpPFjxAQqxCFWhFANhdVaM=
44,44,A08HVycRoVPGFMZgP+frFajYNp0=,DePyQXpPFjxAQqxCFWhFANhdVaM=
45,46,A08HVycRoVPGFMZgP+frFajYNp0=,DePyQXpPFjxAQqxCFWhFANhdVaM=
44,47,A08HVycRoVPGFMZgP+frFajYNp0=,DePyQXpPFjxAQqxCFWhFANhdVaM=
45,44,A08HVycRoVPGFMZgP+frFajYNp0=,DePyQXpPFjxAQqxCFWhFANhdVaM=
46,44,A08HVycRoVPGFMZgP+frFajYNp0=,DePyQXpPFjxAQqxCFWhFANhdVaM=
47,46,A08HVycRoVPGFMZgP+frFajYNp0=,DePyQXpPFjxAQqxCFWhFANhdVaM=
45,47,A08HVycRoVPGFMZgP+frFajYNp0=,DePyQXpPFjxAQqxCFWhFANhdVaM=
46,47,A08HVycRoVPGFMZgP+frFajYNp0=,DePyQXpPFjxAQqxCFWhFANhdVaM=
47,44,A08HVycRoVPGFMZgP+frFajYNp0=,DePyQXpPFjxAQqxCFWhFANhdVaM=
47,45,A08HVycRoVPGFMZgP+frFajYNp0=,DePyQXpPFjxAQqxCFWhFANhdVaM=
37,35,z+oTlxnlHcqNWB88bvu2ARfwaOs=,zZSxvAoRGV8w6ymKsDYN3oimrDM=
38,35,z+oTlxnlHcqNWB88bvu2ARfwaOs=,zZSxvAoRGV8w6ymKsDYN3oimrDM=
36,35,z+oTlxnlHcqNWB88bvu2ARfwaOs=,zZSxvAoRGV8w6ymKsDYN3oimrDM=
39,32,z+oTlxnlHcqNWB88bvu2ARfwaOs=,zZSxvAoRGV8w6ymKsDYN3oimrDM=
38,47,z+oTlxnlHcqNWB88bvu2ARfwaOs=,E9OuUghIf2E9QxiXvSW+41upfJ4=
39,47,z+oTlxnlHcqNWB88bvu2ARfwaOs=,E9OuUghIf2E9QxiXvSW+41upfJ4=
42,33,z+oTlxnlHcqNWB88bvu2ARfwaOs=,otIX3K4bVQnJ+F2WJ/k0L9vMY3E=
36,33,z+oTlxnlHcqNWB88bvu2ARfwaOs=,zZSxvAoRGV8w6ymKsDYN3oimrDM=
38,33,z+oTlxnlHcqNWB88bvu2ARfwaOs=,zZSxvAoRGV8w6ymKsDYN3oimrDM=
36,34,z+oTlxnlHcqNWB88bvu2ARfwaOs=,zZSxvAoRGV8w6ymKsDYN3oimrDM=
43,33,z+oTlxnlHcqNWB88bvu2ARfwaOs=,otIX3K4bVQnJ+F2WJ/k0L9vMY3E=
37,44,z+oTlxnlHcqNWB88bvu2ARfwaOs=,E9OuUghIf2E9QxiXvSW+41upfJ4=
40,47,z+oTlxnlHcqNWB88bvu2ARfwaOs=,DePyQXpPFjxAQqxCFWhFANhdVaM=
36,44,z+oTlxnlHcqNWB88bvu2ARfwaOs=,E9OuUghIf2E9QxiXvSW+41upfJ4=
39,35,z+oTlxnlHcqNWB88bvu2ARfwaOs=,zZSxvAoRGV8w6ymKsDYN3oimrDM=
41,33,z+oTlxnlHcqNWB88bvu2ARfwaOs=,otIX3K4bVQnJ+F2WJ/k0L9vMY3E=
37,34,z+oTlxnlHcqNWB88bvu2ARfwaOs=,zZSxvAoRGV8w6ymKsDYN3oimrDM=
37,33,z+oTlxnlHcqNWB88bvu2ARfwaOs=,zZSxvAoRGV8w6ymKsDYN3oimrDM=
38,34,z+oTlxnlHcqNWB88bvu2ARfwaOs=,zZSxvAoRGV8w6ymKsDYN3oimrDM=
40,34,z+oTlxnlHcqNWB88bvu2ARfwaOs=,otIX3K4bVQnJ+F2WJ/k0L9vMY3E=
40,33,z+oTlxnlHcqNWB88bvu2ARfwaOs=,otIX3K4bVQnJ+F2WJ/k0L9vMY3E=
37,47,z+oTlxnlHcqNWB88bvu2ARfwaOs=,E9OuUghIf2E9QxiXvSW+41upfJ4=
41,34,z+oTlxnlHcqNWB88bvu2ARfwaOs=,otIX3K4bVQnJ+F2WJ/k0L9vMY3E=
38,32,z+oTlxnlHcqNWB88bvu2ARfwaOs=,zZSxvAoRGV8w6ymKsDYN3oimrDM=
42,34,z+oTlxnlHcqNWB88bvu2ARfwaOs=,otIX3K4bVQnJ+F2WJ/k0L9vMY3E=
40,35,z+oTlxnlHcqNWB88bvu2ARfwaOs=,otIX3K4bVQnJ+F2WJ/k0L9vMY3E=
43,34,z+oTlxnlHcqNWB88bvu2ARfwaOs=,otIX3K4bVQnJ+F2WJ/k0L9vMY3E=
38,44,z+oTlxnlHcqNWB88bvu2ARfwaOs=,E9OuUghIf2E9QxiXvSW+41upfJ4=
36,47,z+oTlxnlHcqNWB88bvu2ARfwaOs=,E9OuUghIf2E9QxiXvSW+41upfJ4=
41,35,z+oTlxnlHcqNWB88bvu2ARfwaOs=,otIX3K4bVQnJ+F2WJ/k0L9vMY3E=
36,45,z+oTlxnlHcqNWB88bvu2ARfwaOs=,E9OuUghIf2E9QxiXvSW+41upfJ4=
42,35,WF4LG9JTbGO4kQExto9gU7ZBFMM=,otIX3K4bVQnJ+F2WJ/k0L9vMY3E=
43,35,WF4LG9JTbGO4kQExto9gU7ZBFMM=,otIX3K4bVQnJ+F2WJ/k0L9vMY3E=
37,45,WF4LG9JTbGO4kQExto9gU7ZBFMM=,E9OuUghIf2E9QxiXvSW+41upfJ4=
41,32,WF4LG9JTbGO4kQExto9gU7ZBFMM=,otIX3K4bVQnJ+F2WJ/k0L9vMY3E=
36,32,WF4LG9JTbGO4kQExto9gU7ZBFMM=,zZSxvAoRGV8w6ymKsDYN3oimrDM=
42,32,WF4LG9JTbGO4kQExto9gU7ZBFMM=,otIX3K4bVQnJ+F2WJ/k0L9vMY3E=
39,34,WF4LG9JTbGO4kQExto9gU7ZBFMM=,zZSxvAoRGV8w6ymKsDYN3oimrDM=
38,45,WF4LG9JTbGO4kQExto9gU7ZBFMM=,E9OuUghIf2E9QxiXvSW+41upfJ4=
39,33,WF4LG9JTbGO4kQExto9gU7ZBFMM=,zZSxvAoRGV8w6ymKsDYN3oimrDM=
37,32,WF4LG9JTbGO4kQExto9gU7ZBFMM=,zZSxvAoRGV8w6ymKsDYN3oimrDM=
43,32,WF4LG9JTbGO4kQExto9gU7ZBFMM=,otIX3K4bVQnJ+F2WJ/k0L9vMY3E=
40,32,WF4LG9JTbGO4kQExto9gU7ZBFMM=,otIX3K4bVQnJ+F2WJ/k0L9vMY3E=
36,46,WF4LG9JTbGO4kQExto9gU7ZBFMM=,E9OuUghIf2E9QxiXvSW+41upfJ4=
37,46,WF4LG9JTbGO4kQExto9gU7ZBFMM=,E9OuUghIf2E9QxiXvSW+41upfJ4=
43,47,WF4LG9JTbGO4kQExto9gU7ZBFMM=,DePyQXpPFjxAQqxCFWhFANhdVaM=
40,44,WF4LG9JTbGO4kQExto9gU7ZBFMM=,DePyQXpPFjxAQqxCFWhFANhdVaM=
38,46,WF4LG9JTbGO4kQExto9gU7ZBFMM=,E9OuUghIf2E9QxiXvSW+41upfJ4=
41,44,WF4LG9JTbGO4kQExto9gU7ZBFMM=,DePyQXpPFjxAQqxCFWhFANhdVaM=
42,44,WF4LG9JTbGO4kQExto9gU7ZBFMM=,DePyQXpPFjxAQqxCFWhFANhdVaM=
43,44,WF4LG9JTbGO4kQExto9gU7ZBFMM=,DePyQXpPFjxAQqxCFWhFANhdVaM=
40,45,WF4LG9JTbGO4kQExto9gU7ZBFMM=,DePyQXpPFjxAQqxCFWhFANhdVaM=
43,45,WF4LG9JTbGO4kQExto9gU7ZBFMM=,DePyQXpPFjxAQqxCFWhFANhdVaM=
39,44,WF4LG9JTbGO4kQExto9gU7ZBFMM=,E9OuUghIf2E9QxiXvSW+41upfJ4=
39,45,WF4LG9JTbGO4kQExto9gU7ZBFMM=,E9OuUghIf2E9QxiXvSW+41upfJ4=
42,45,WF4LG9JTbGO4kQExto9gU7ZBFMM=,DePyQXpPFjxAQqxCFWhFANhdVaM=
41,45,WF4LG9JTbGO4kQExto9gU7ZBFMM=,DePyQXpPFjxAQqxCFWhFANhdVaM=
42,47,WF4LG9JTbGO4kQExto9gU7ZBFMM=,DePyQXpPFjxAQqxCFWhFANhdVaM=
40,46,WF4LG9JTbGO4kQExto9gU7ZBFMM=,DePyQXpPFjxAQqxCFWhFANhdVaM=
41,46,WF4LG9JTbGO4kQExto9gU7ZBFMM=,DePyQXpPFjxAQqxCFWhFANhdVaM=
42,46,WF4LG9JTbGO4kQExto9gU7ZBFMM=,DePyQXpPFjxAQqxCFWhFANhdVaM=
43,46,WF4LG9JTbGO4kQExto9gU7ZBFMM=,DePyQXpPFjxAQqxCFWhFANhdVaM=
39,46,WF4LG9JTbGO4kQExto9gU7ZBFMM=,E9OuUghIf2E9QxiXvSW+41upfJ4=
41,47,WF4LG9JTbGO4kQExto9gU7ZBFMM=,DePyQXpPFjxAQqxCFWhFANhdVaM=
32,36,WF4LG9JTbGO4kQExto9gU7ZBFMM=,zZSxvAoRGV8w6ymKsDYN3oimrDM=
34,35,WF4LG9JTbGO4kQExto9gU7ZBFMM=,zZSxvAoRGV8w6ymKsDYN3oimrDM=
34,33,WF4LG9JTbGO4kQExto9gU7ZBFMM=,zZSxvAoRGV8w6ymKsDYN3oimrDM=
33,33,WF4LG9JTbGO4kQExto9gU7ZBFMM=,zZSxvAoRGV8w6ymKsDYN3oimrDM=
35,35,WF4LG9JTbGO4kQExto9gU7ZBFMM=,zZSxvAoRGV8w6ymKsDYN3oimrDM=
33,34,WF4LG9JTbGO4kQExto9gU7ZBFMM=,zZSxvAoRGV8w6ymKsDYN3oimrDM=
32,34,WF4LG9JTbGO4kQExto9gU7ZBFMM=,zZSxvAoRGV8w6ymKsDYN3oimrDM=
33,35,WF4LG9JTbGO4kQExto9gU7ZBFMM=,zZSxvAoRGV8w6ymKsDYN3oimrDM=
32,32,WF4LG9JTbGO4kQExto9gU7ZBFMM=,zZSxvAoRGV8w6ymKsDYN3oimrDM=
33,32,WF4LG9JTbGO4kQExto9gU7ZBFMM=,zZSxvAoRGV8w6ymKsDYN3oimrDM=
35,34,WF4LG9JTbGO4kQExto9gU7ZBFMM=,zZSxvAoRGV8w6ymKsDYN3oimrDM=
34,34,WF4LG9JTbGO4kQExto9gU7ZBFMM=,zZSxvAoRGV8w6ymKsDYN3oimrDM=
34,32,WF4LG9JTbGO4kQExto9gU7ZBFMM=,zZSxvAoRGV8w6ymKsDYN3oimrDM=
35,32,WF4LG9JTbGO4kQExto9gU7ZBFMM=,zZSxvAoRGV8w6ymKsDYN3oimrDM=
32,33,WF4LG9JTbGO4kQExto9gU7ZBFMM=,zZSxvAoRGV8w6ymKsDYN3oimrDM=
35,33,WF4LG9JTbGO4kQExto9gU7ZBFMM=,zZSxvAoRGV8w6ymKsDYN3oimrDM=
32,37,WF4LG9JTbGO4kQExto9gU7ZBFMM=,zZSxvAoRGV8w6ymKsDYN3oimrDM=
32,35,WF4LG9JTbGO4kQExto9gU7ZBFMM=,zZSxvAoRGV8w6ymKsDYN3oimrDM=
32,47,WF4LG9JTbGO4kQExto9gU7ZBFMM=,E9OuUghIf2E9QxiXvSW+41upfJ4=
33,38,WF4LG9JTbGO4kQExto9gU7ZBFMM=,zZSxvAoRGV8w6ymKsDYN3oimrDM=
32,39,WF4LG9JTbGO4kQExto9gU7ZBFMM=,zZSxvAoRGV8w6ymKsDYN3oimrDM=
33,41,inu8U6DgNpYTEhcko/20nFfprsw=,E9OuUghIf2E9QxiXvSW+41upfJ4=
33,37,inu8U6DgNpYTEhcko/20nFfprsw=,zZSxvAoRGV8w6ymKsDYN3oimrDM=
35,41,inu8U6DgNpYTEhcko/20nFfprsw=,E9OuUghIf2E9QxiXvSW+41upfJ4=
33,36,inu8U6DgNpYTEhcko/20nFfprsw=,zZSxvAoRGV8w6ymKsDYN3oimrDM=
34,37,inu8U6DgNpYTEhcko/20nFfprsw=,zZSxvAoRGV8w6ymKsDYN3oimrDM=
34,41,inu8U6DgNpYTEhcko/20nFfprsw=,E9OuUghIf2E9QxiXvSW+41upfJ4=
34,38,inu8U6DgNpYTEhcko/20nFfprsw=,zZSxvAoRGV8w6ymKsDYN3oimrDM=
35,37,inu8U6DgNpYTEhcko/20nFfprsw=,zZSxvAoRGV8w6ymKsDYN3oimrDM=
33,42,inu8U6DgNpYTEhcko/20nFfprsw=,E9OuUghIf2E9QxiXvSW+41upfJ4=
34,42,inu8U6DgNpYTEhcko/20nFfprsw=,E9OuUghIf2E9QxiXvSW+41upfJ4=
32,46,inu8U6DgNpYTEhcko/20nFfprsw=,E9OuUghIf2E9QxiXvSW+41upfJ4=
33,43,inu8U6DgNpYTEhcko/20nFfprsw=,E9OuUghIf2E9QxiXvSW+41upfJ4=
34,44,inu8U6DgNpYTEhcko/20nFfprsw=,E9OuUghIf2E9QxiXvSW+41upfJ4=
35,42,inu8U6DgNpYTEhcko/20nFfprsw=,E9OuUghIf2E9QxiXvSW+41upfJ4=
35,38,inu8U6DgNpYTEhcko/20nFfprsw=,zZSxvAoRGV8w6ymKsDYN3oimrDM=
35,43,inu8U6DgNpYTEhcko/20nFfprsw=,E9OuUghIf2E9QxiXvSW+41upfJ4=
33,44,inu8U6DgNpYTEhcko/20nFfprsw=,E9OuUghIf2E9QxiXvSW+41upfJ4=
35,45,inu8U6DgNpYTEhcko/20nFfprsw=,E9OuUghIf2E9QxiXvSW+41upfJ4=
35,39,inu8U6DgNpYTEhcko/20nFfprsw=,zZSxvAoRGV8w6ymKsDYN3oimrDM=
35,46,inu8U6DgNpYTEhcko/20nFfprsw=,E9OuUghIf2E9QxiXvSW+41upfJ4=
34,47,inu8U6DgNpYTEhcko/20nFfprsw=,E9OuUghIf2E9QxiXvSW+41upfJ4=
34,39,inu8U6DgNpYTEhcko/20nFfprsw=,zZSxvAoRGV8w6ymKsDYN3oimrDM=
33,45,inu8U6DgNpYTEhcko/20nFfprsw=,E9OuUghIf2E9QxiXvSW+41upfJ4=
33,39,inu8U6DgNpYTEhcko/20nFfprsw=,zZSxvAoRGV8w6ymKsDYN3oimrDM=
35,44,inu8U6DgNpYTEhcko/20nFfprsw=,E9OuUghIf2E9QxiXvSW+41upfJ4=
34,36,inu8U6DgNpYTEhcko/20nFfprsw=,zZSxvAoRGV8w6ymKsDYN3oimrDM=
33,46,inu8U6DgNpYTEhcko/20nFfprsw=,E9OuUghIf2E9QxiXvSW+41upfJ4=
34,45,inu8U6DgNpYTEhcko/20nFfprsw=,E9OuUghIf2E9QxiXvSW+41upfJ4=
34,43,inu8U6DgNpYTEhcko/20nFfprsw=,E9OuUghIf2E9QxiXvSW+41upfJ4=
35,36,inu8U6DgNpYTEhcko/20nFfprsw=,zZSxvAoRGV8w6ymKsDYN3oimrDM=
34,46,inu8U6DgNpYTEhcko/20nFfprsw=,E9OuUghIf2E9QxiXvSW+41upfJ4=
33,47,inu8U6DgNpYTEhcko/20nFfprsw=,E9OuUghIf2E9QxiXvSW+41upfJ4=
33,40,inu8U6DgNpYTEhcko/20nFfprsw=,E9OuUghIf2E9QxiXvSW+41upfJ4=
35,47,inu8U6DgNpYTEhcko/20nFfprsw=,E9OuUghIf2E9QxiXvSW+41upfJ4=
32,41,inu8U6DgNpYTEhcko/20nFfprsw=,E9OuUghIf2E9QxiXvSW+41upfJ4=
35,40,inu8U6DgNpYTEhcko/20nFfprsw=,E9OuUghIf2E9QxiXvSW+41upfJ4=
34,40,inu8U6DgNpYTEhcko/20nFfprsw=,E9OuUghIf2E9QxiXvSW+41upfJ4=
32,38,inu8U6DgNpYTEhcko/20nFfprsw=,zZSxvAoRGV8w6ymKsDYN3oimrDM=
32,45,inu8U6DgNpYTEhcko/20nFfprsw=,E9OuUghIf2E9QxiXvSW+41upfJ4=
32,43,inu8U6DgNpYTEhcko/20nFfprsw=,E9OuUghIf2E9QxiXvSW+41upfJ4=
32,44,inu8U6DgNpYTEhcko/20nFfprsw=,E9OuUghIf2E9QxiXvSW+41upfJ4=
32,42,inu8U6DgNpYTEhcko/20nFfprsw=,E9OuUghIf2E9QxiXvSW+41upfJ4=
32,40,inu8U6DgNpYTEhcko/20nFfprsw=,E9OuUghIf2E9QxiXvSW+41upfJ4=
44,33,inu8U6DgNpYTEhcko/20nFfprsw=,otIX3K4bVQnJ+F2WJ/k0L9vMY3E=
45,33,inu8U6DgNpYTEhcko/20nFfprsw=,otIX3K4bVQnJ+F2WJ/k0L9vMY3E=
45,32,inu8U6DgNpYTEhcko/20nFfprsw=,otIX3K4bVQnJ+F2WJ/k0L9vMY3E=
47,32,inu8U6DgNpYTEhcko/20nFfprsw=,otIX3K4bVQnJ+F2WJ/k0L9vMY3E=
44,35,inu8U6DgNpYTEhcko/20nFfprsw=,otIX3K4bVQnJ+F2WJ/k0L9vMY3E=
44,34,inu8U6DgNpYTEhcko/20nFfprsw=,otIX3K4bVQnJ+F2WJ/k0L9vMY3E=
45,34,inu8U6DgNpYTEhcko/20nFfprsw=,otIX3K4bVQnJ+F2WJ/k0L9vMY3E=
46,33,inu8U6DgNpYTEhcko/20nFfprsw=,otIX3K4bVQnJ+F2WJ/k0L9vMY3E=
46,32,inu8U6DgNpYTEhcko/20nFfprsw=,otIX3K4bVQnJ+F2WJ/k0L9vMY3E=
45,35,inu8U6DgNpYTEhcko/20nFfprsw=,otIX3K4bVQnJ+F2WJ/k0L9vMY3E=
46,35,inu8U6DgNpYTEhcko/20nFfprsw=,otIX3K4bVQnJ+F2WJ/k0L9vMY3E=
47,33,inu8U6DgNpYTEhcko/20nFfprsw=,otIX3K4bVQnJ+F2WJ/k0L9vMY3E=
44,32,inu8U6DgNpYTEhcko/20nFfprsw=,otIX3K4bVQnJ+F2WJ/k0L9vMY3E=
46,34,inu8U6DgNpYTEhcko/20nFfprsw=,otIX3K4bVQnJ+F2WJ/k0L9vMY3E=
47,35,inu8U6DgNpYTEhcko/20nFfprsw=,otIX3K4bVQnJ+F2WJ/k0L9vMY3E=
47,34,inu8U6DgNpYTEhcko/20nFfprsw=,otIX3K4bVQnJ+F2WJ/k0L9vMY3E=
39,55,JyfO3gMzJuK0FpxFS3ISqP9n7MY=,4KCixDe508glr4N7x/f1eitFsvc=
38,55,JyfO3gMzJuK0FpxFS3ISqP9n7MY=,4KCixDe508glr4N7x/f1eitFsvc=
37,55,JyfO3gMzJuK0FpxFS3ISqP9n7MY=,4KCixDe508glr4N7x/f1eitFsvc=
36,55,JyfO3gMzJuK0FpxFS3ISqP9n7MY=,4KCixDe508glr4N7x/f1eitFsvc=
40,55,JyfO3gMzJuK0FpxFS3ISqP9n7MY=,yymivusoj2O0UMHsHB8lRyWZZvo=
43,58,JyfO3gMzJuK0FpxFS3ISqP9n7MY=,j+BGuX9SOzQbn9ZKYlFZZLYXSLs=
47,55,JyfO3gMzJuK0FpxFS3ISqP9n7MY=,yymivusoj2O0UMHsHB8lRyWZZvo=
42,59,JyfO3gMzJuK0FpxFS3ISqP9n7MY=,j+BGuX9SOzQbn9ZKYlFZZLYXSLs=
43,59,JyfO3gMzJuK0FpxFS3ISqP9n7MY=,j+BGuX9SOzQbn9ZKYlFZZLYXSLs=
42,58,JyfO3gMzJuK0FpxFS3ISqP9n7MY=,j+BGuX9SOzQbn9ZKYlFZZLYXSLs=
41,56,GsuYIW0CItgaT07UlZ2BQhb16og=,j+BGuX9SOzQbn9ZKYlFZZLYXSLs=
41,59,GsuYIW0CItgaT07UlZ2BQhb16og=,j+BGuX9SOzQbn9ZKYlFZZLYXSLs=
41,58,GsuYIW0CItgaT07UlZ2BQhb16og=,j+BGuX9SOzQbn9ZKYlFZZLYXSLs=
40,56,GsuYIW0CItgaT07UlZ2BQhb16og=,j+BGuX9SOzQbn9ZKYlFZZLYXSLs=
42,56,GsuYIW0CItgaT07UlZ2BQhb16og=,j+BGuX9SOzQbn9ZKYlFZZLYXSLs=
38,56,GsuYIW0CItgaT07UlZ2BQhb16og=,iuGrT1vw7iy+Nlx7LQdSkE1YC2Q=
44,54,GsuYIW0CItgaT07UlZ2BQhb16og=,yymivusoj2O0UMHsHB8lRyWZZvo=
42,57,GsuYIW0CItgaT07UlZ2BQhb16og=,j+BGuX9SOzQbn9ZKYlFZZLYXSLs=
43,55,GsuYIW0CItgaT07UlZ2BQhb16og=,yymivusoj2O0UMHsHB8lRyWZZvo=
46,55,GsuYIW0CItgaT07UlZ2BQhb16og=,yymivusoj2O0UMHsHB8lRyWZZvo=
36,56,Q6gXPEzOfxmolRATdl8Z8FDgclU=,iuGrT1vw7iy+Nlx7LQdSkE1YC2Q=
43,56,Q6gXPEzOfxmolRATdl8Z8FDgclU=,j+BGuX9SOzQbn9ZKYlFZZLYXSLs=
41,57,Q6gXPEzOfxmolRATdl8Z8FDgclU=,j+BGuX9SOzQbn9ZKYlFZZLYXSLs=
43,57,Q6gXPEzOfxmolRATdl8Z8FDgclU=,j+BGuX9SOzQbn9ZKYlFZZLYXSLs=
47,56,Q6gXPEzOfxmolRATdl8Z8FDgclU=,j+BGuX9SOzQbn9ZKYlFZZLYXSLs=
45,54,Q6gXPEzOfxmolRATdl8Z8FDgclU=,yymivusoj2O0UMHsHB8lRyWZZvo=
46,54,Q6gXPEzOfxmolRATdl8Z8FDgclU=,yymivusoj2O0UMHsHB8lRyWZZvo=
38,57,Q6gXPEzOfxmolRATdl8Z8FDgclU=,iuGrT1vw7iy+Nlx7LQdSkE1YC2Q=
47,54,Q6gXPEzOfxmolRATdl8Z8FDgclU=,yymivusoj2O0UMHsHB8lRyWZZvo=
37,56,Q6gXPEzOfxmolRATdl8Z8FDgclU=,iuGrT1vw7iy+Nlx7LQdSkE1YC2Q=
37,57,Q6gXPEzOfxmolRATdl8Z8FDgclU=,iuGrT1vw7iy+Nlx7LQdSkE1YC2Q=
44,57,Q6gXPEzOfxmolRATdl8Z8FDgclU=,j+BGuX9SOzQbn9ZKYlFZZLYXSLs=
44,52,Q6gXPEzOfxmolRATdl8Z8FDgclU=,yymivusoj2O0UMHsHB8lRyWZZvo=
40,57,Q6gXPEzOfxmolRATdl8Z8FDgclU=,j+BGuX9SOzQbn9ZKYlFZZLYXSLs=
36,57,Q6gXPEzOfxmolRATdl8Z8FDgclU=,iuGrT1vw7iy+Nlx7LQdSkE1YC2Q=
46,57,Q6gXPEzOfxmolRATdl8Z8FDgclU=,j+BGuX9SOzQbn9ZKYlFZZLYXSLs=
44,58,Q6gXPEzOfxmolRATdl8Z8FDgclU=,j+BGuX9SOzQbn9ZKYlFZZLYXSLs=
45,57,Q6gXPEzOfxmolRATdl8Z8FDgclU=,j+BGuX9SOzQbn9ZKYlFZZLYXSLs=
45,55,Q6gXPEzOfxmolRATdl8Z8FDgclU=,yymivusoj2O0UMHsHB8lRyWZZvo=
42,55,Q6gXPEzOfxmolRATdl8Z8FDgclU=,yymivusoj2O0UMHsHB8lRyWZZvo=
41,52,Q6gXPEzOfxmolRATdl8Z8FDgclU=,yymivusoj2O0UMHsHB8lRyWZZvo=
42,52,Q6gXPEzOfxmolRATdl8Z8FDgclU=,yymivusoj2O0UMHsHB8lRyWZZvo=
46,58,Q6gXPEzOfxmolRATdl8Z8FDgclU=,j+BGuX9SOzQbn9ZKYlFZZLYXSLs=
45,52,Q6gXPEzOfxmolRATdl8Z8FDgclU=,yymivusoj2O0UMHsHB8lRyWZZvo=
45,58,Q6gXPEzOfxmolRATdl8Z8FDgclU=,j+BGuX9SOzQbn9ZKYlFZZLYXSLs=
47,52,Q6gXPEzOfxmolRATdl8Z8FDgclU=,yymivusoj2O0UMHsHB8lRyWZZvo=
46,52,Q6gXPEzOfxmolRATdl8Z8FDgclU=,yymivusoj2O0UMHsHB8lRyWZZvo=
43,52,Q6gXPEzOfxmolRATdl8Z8FDgclU=,yymivusoj2O0UMHsHB8lRyWZZvo=
44,59,Q6gXPEzOfxmolRATdl8Z8FDgclU=,j+BGuX9SOzQbn9ZKYlFZZLYXSLs=
45,59,Q6gXPEzOfxmolRATdl8Z8FDgclU=,j+BGuX9SOzQbn9ZKYlFZZLYXSLs=
41,53,Q6gXPEzOfxmolRATdl8Z8FDgclU=,yymivusoj2O0UMHsHB8lRyWZZvo=
39,57,Q6gXPEzOfxmolRATdl8Z8FDgclU=,iuGrT1vw7iy+Nlx7LQdSkE1YC2Q=
39,56,Q6gXPEzOfxmolRATdl8Z8FDgclU=,iuGrT1vw7iy+Nlx7LQdSkE1YC2Q=
43,53,Q6gXPEzOfxmolRATdl8Z8FDgclU=,yymivusoj2O0UMHsHB8lRyWZZvo=
47,59,Q6gXPEzOfxmolRATdl8Z8FDgclU=,j+BGuX9SOzQbn9ZKYlFZZLYXSLs=
42,53,Q6gXPEzOfxmolRATdl8Z8FDgclU=,yymivusoj2O0UMHsHB8lRyWZZvo=
36,58,Q6gXPEzOfxmolRATdl8Z8FDgclU=,iuGrT1vw7iy+Nlx7LQdSkE1YC2Q=
40,58,Q6gXPEzOfxmolRATdl8Z8FDgclU=,j+BGuX9SOzQbn9ZKYlFZZLYXSLs=
41,55,Q6gXPEzOfxmolRATdl8Z8FDgclU=,yymivusoj2O0UMHsHB8lRyWZZvo=
39,59,Q6gXPEzOfxmolRATdl8Z8FDgclU=,iuGrT1vw7iy+Nlx7LQdSkE1YC2Q=
45,53,Q6gXPEzOfxmolRATdl8Z8FDgclU=,yymivusoj2O0UMHsHB8lRyWZZvo=
39,58,Q6gXPEzOfxmolRATdl8Z8FDgclU=,iuGrT1vw7iy+Nlx7LQdSkE1YC2Q=
38,58,Q6gXPEzOfxmolRATdl8Z8FDgclU=,iuGrT1vw7iy+Nlx7LQdSkE1YC2Q=
41,54,Q6gXPEzOfxmolRATdl8Z8FDgclU=,yymivusoj2O0UMHsHB8lRyWZZvo=
46,53,Q6gXPEzOfxmolRATdl8Z8FDgclU=,yymivusoj2O0UMHsHB8lRyWZZvo=
37,58,Q6gXPEzOfxmolRATdl8Z8FDgclU=,iuGrT1vw7iy+Nlx7LQdSkE1YC2Q=
47,53,Q6gXPEzOfxmolRATdl8Z8FDgclU=,yymivusoj2O0UMHsHB8lRyWZZvo=
43,54,Q6gXPEzOfxmolRATdl8Z8FDgclU=,yymivusoj2O0UMHsHB8lRyWZZvo=
37,59,Q6gXPEzOfxmolRATdl8Z8FDgclU=,iuGrT1vw7iy+Nlx7LQdSkE1YC2Q=
36,59,Q6gXPEzOfxmolRATdl8Z8FDgclU=,iuGrT1vw7iy+Nlx7LQdSkE1YC2Q=
42,54,Q6gXPEzOfxmolRATdl8Z8FDgclU=,yymivusoj2O0UMHsHB8lRyWZZvo=
44,55,Q6gXPEzOfxmolRATdl8Z8FDgclU=,yymivusoj2O0UMHsHB8lRyWZZvo=
44,53,Q6gXPEzOfxmolRATdl8Z8FDgclU=,yymivusoj2O0UMHsHB8lRyWZZvo=
47,58,Q6gXPEzOfxmolRATdl8Z8FDgclU=,j+BGuX9SOzQbn9ZKYlFZZLYXSLs=
40,54,Q6gXPEzOfxmolRATdl8Z8FDgclU=,yymivusoj2O0UMHsHB8lRyWZZvo=
40,59,Q6gXPEzOfxmolRATdl8Z8FDgclU=,j+BGuX9SOzQbn9ZKYlFZZLYXSLs=
44,56,Q6gXPEzOfxmolRATdl8Z8FDgclU=,j+BGuX9SOzQbn9ZKYlFZZLYXSLs=
36,52,Q6gXPEzOfxmolRATdl8Z8FDgclU=,4KCixDe508glr4N7x/f1eitFsvc=
37,52,Q6gXPEzOfxmolRATdl8Z8FDgclU=,4KCixDe508glr4N7x/f1eitFsvc=
38,59,Q6gXPEzOfxmolRATdl8Z8FDgclU=,iuGrT1vw7iy+Nlx7LQdSkE1YC2Q=
38,53,Q6gXPEzOfxmolRATdl8Z8FDgclU=,4KCixDe508glr4N7x/f1eitFsvc=
46,59,Q6gXPEzOfxmolRATdl8Z8FDgclU=,j+BGuX9SOzQbn9ZKYlFZZLYXSLs=
39,52,Q6gXPEzOfxmolRATdl8Z8FDgclU=,4KCixDe508glr4N7x/f1eitFsvc=
39,53,Q6gXPEzOfxmolRATdl8Z8FDgclU=,4KCixDe508glr4N7x/f1eitFsvc=
38,52,Q6gXPEzOfxmolRATdl8Z8FDgclU=,4KCixDe508glr4N7x/f1eitFsvc=
36,53,Q6gXPEzOfxmolRATdl8Z8FDgclU=,4KCixDe508glr4N7x/f1eitFsvc=
36,54,Q6gXPEzOfxmolRATdl8Z8FDgclU=,4KCixDe508glr4N7x/f1eitFsvc=
40,53,Q6gXPEzOfxmolRATdl8Z8FDgclU=,yymivusoj2O0UMHsHB8lRyWZZvo=
37,54,Q6gXPEzOfxmolRATdl8Z8FDgclU=,4KCixDe508glr4N7x/f1eitFsvc=
39,54,Q6gXPEzOfxmolRATdl8Z8FDgclU=,4KCixDe508glr4N7x/f1eitFsvc=
40,52,Q6gXPEzOfxmolRATdl8Z8FDgclU=,yymivusoj2O0UMHsHB8lRyWZZvo=
47,57,Q6gXPEzOfxmolRATdl8Z8FDgclU=,j+BGuX9SOzQbn9ZKYlFZZLYXSLs=
37,53,Q6gXPEzOfxmolRATdl8Z8FDgclU=,4KCixDe508glr4N7x/f1eitFsvc=
38,54,Q6gXPEzOfxmolRATdl8Z8FDgclU=,4KCixDe508glr4N7x/f1eitFsvc=
45,56,Q6gXPEzOfxmolRATdl8Z8FDgclU=,j+BGuX9SOzQbn9ZKYlFZZLYXSLs=
46,56,Q6gXPEzOfxmolRATdl8Z8FDgclU=,j+BGuX9SOzQbn9ZKYlFZZLYXSLs=
38,63,JAd6phuIymjX/AnbP+GkDKkwWeQ=,iuGrT1vw7iy+Nlx7LQdSkE1YC2Q=
39,63,JAd6phuIymjX/AnbP+GkDKkwWeQ=,iuGrT1vw7iy+Nlx7LQdSkE1YC2Q=
41,60,JAd6phuIymjX/AnbP+GkDKkwWeQ=,j+BGuX9SOzQbn9ZKYlFZZLYXSLs=
37,63,JAd6phuIymjX/AnbP+GkDKkwWeQ=,iuGrT1vw7iy+Nlx7LQdSkE1YC2Q=
42,60,JAd6phuIymjX/AnbP+GkDKkwWeQ=,j+BGuX9SOzQbn9ZKYlFZZLYXSLs=
41,61,JAd6phuIymjX/AnbP+GkDKkwWeQ=,j+BGuX9SOzQbn9ZKYlFZZLYXSLs=
43,60,JAd6phuIymjX/AnbP+GkDKkwWeQ=,j+BGuX9SOzQbn9ZKYlFZZLYXSLs=
43,61,JAd6phuIymjX/AnbP+GkDKkwWeQ=,j+BGuX9SOzQbn9ZKYlFZZLYXSLs=
42,61,JAd6phuIymjX/AnbP+GkDKkwWeQ=,j+BGuX9SOzQbn9ZKYlFZZLYXSLs=
38,60,JAd6phuIymjX/AnbP+GkDKkwWeQ=,iuGrT1vw7iy+Nlx7LQdSkE1YC2Q=
36,60,JAd6phuIymjX/AnbP+GkDKkwWeQ=,iuGrT1vw7iy+Nlx7LQdSkE1YC2Q=
37,60,JAd6phuIymjX/AnbP+GkDKkwWeQ=,iuGrT1vw7iy+Nlx7LQdSkE1YC2Q=
32,55,JAd6phuIymjX/AnbP+GkDKkwWeQ=,4KCixDe508glr4N7x/f1eitFsvc=
32,52,JAd6phuIymjX/AnbP+GkDKkwWeQ=,4KCixDe508glr4N7x/f1eitFsvc=
43,62,JAd6phuIymjX/AnbP+GkDKkwWeQ=,j+BGuX9SOzQbn9ZKYlFZZLYXSLs=
41,62,JAd6phuIymjX/AnbP+GkDKkwWeQ=,j+BGuX9SOzQbn9ZKYlFZZLYXSLs=
42,62,JAd6phuIymjX/AnbP+GkDKkwWeQ=,j+BGuX9SOzQbn9ZKYlFZZLYXSLs=
40,60,JAd6phuIymjX/AnbP+GkDKkwWeQ=,j+BGuX9SOzQbn9ZKYlFZZLYXSLs=
36,63,JAd6phuIymjX/AnbP+GkDKkwWeQ=,iuGrT1vw7iy+Nlx7LQdSkE1YC2Q=
33,54,JAd6phuIymjX/AnbP+GkDKkwWeQ=,4KCixDe508glr4N7x/f1eitFsvc=
33,53,JAd6phuIymjX/AnbP+GkDKkwWeQ=,4KCixDe508glr4N7x/f1eitFsvc=
33,56,JAd6phuIymjX/AnbP+GkDKkwWeQ=,iuGrT1vw7iy+Nlx7LQdSkE1YC2Q=
39,60,JAd6phuIymjX/AnbP+GkDKkwWeQ=,iuGrT1vw7iy+Nlx7LQdSkE1YC2Q=
32,53,JAd6phuIymjX/AnbP+GkDKkwWeQ=,4KCixDe508glr4N7x/f1eitFsvc=
34,56,JAd6phuIymjX/AnbP+GkDKkwWeQ=,iuGrT1vw7iy+Nlx7LQdSkE1YC2Q=
34,53,JAd6phuIymjX/AnbP+GkDKkwWeQ=,4KCixDe508glr4N7x/f1eitFsvc=
33,57,JAd6phuIymjX/AnbP+GkDKkwWeQ=,iuGrT1vw7iy+Nlx7LQdSkE1YC2Q=
35,56,JAd6phuIymjX/AnbP+GkDKkwWeQ=,iuGrT1vw7iy+Nlx7LQdSkE1YC2Q=
32,63,JAd6phuIymjX/AnbP+GkDKkwWeQ=,iuGrT1vw7iy+Nlx7LQdSkE1YC2Q=
34,54,JAd6phuIymjX/AnbP+GkDKkwWeQ=,4KCixDe508glr4N7x/f1eitFsvc=
35,54,NR7X0qLscqynj5A/knYH5UBXmlU=,4KCixDe508glr4N7x/f1eitFsvc=
36,61,NR7X0qLscqynj5A/knYH5UBXmlU=,iuGrT1vw7iy+Nlx7LQdSkE1YC2Q=
34,57,NR7X0qLscqynj5A/knYH5UBXmlU=,iuGrT1vw7iy+Nlx7LQdSkE1YC2Q=
32,54,NR7X0qLscqynj5A/knYH5UBXmlU=,4KCixDe508glr4N7x/f1eitFsvc=
33,52,NR7X0qLscqynj5A/knYH5UBXmlU=,4KCixDe508glr4N7x/f1eitFsvc=
35,53,NR7X0qLscqynj5A/knYH5UBXmlU=,4KCixDe508glr4N7x/f1eitFsvc=
34,52,NR7X0qLscqynj5A/knYH5UBXmlU=,4KCixDe508glr4N7x/f1eitFsvc=
35,52,NR7X0qLscqynj5A/knYH5UBXmlU=,4KCixDe508glr4N7x/f1eitFsvc=
33,55,NR7X0qLscqynj5A/knYH5UBXmlU=,4KCixDe508glr4N7x/f1eitFsvc=
34,58,NR7X0qLscqynj5A/knYH5UBXmlU=,iuGrT1vw7iy+Nlx7LQdSkE1YC2Q=
32,62,NR7X0qLscqynj5A/knYH5UBXmlU=,iuGrT1vw7iy+Nlx7LQdSkE1YC2Q=
40,63,NR7X0qLscqynj5A/knYH5UBXmlU=,j+BGuX9SOzQbn9ZKYlFZZLYXSLs=
33,58,NR7X0qLscqynj5A/knYH5UBXmlU=,iuGrT1vw7iy+Nlx7LQdSkE1YC2Q=
35,55,NR7X0qLscqynj5A/knYH5UBXmlU=,4KCixDe508glr4N7x/f1eitFsvc=
35,57,NR7X0qLscqynj5A/knYH5UBXmlU=,iuGrT1vw7iy+Nlx7LQdSkE1YC2Q=
35,58,NR7X0qLscqynj5A/knYH5UBXmlU=,iuGrT1vw7iy+Nlx7LQdSkE1YC2Q=
35,59,NR7X0qLscqynj5A/knYH5UBXmlU=,iuGrT1vw7iy+Nlx7LQdSkE1YC2Q=
37,61,NR7X0qLscqynj5A/knYH5UBXmlU=,iuGrT1vw7iy+Nlx7LQdSkE1YC2Q=
33,59,NR7X0qLscqynj5A/knYH5UBXmlU=,iuGrT1vw7iy+Nlx7LQdSkE1YC2Q=
38,61,NR7X0qLscqynj5A/knYH5UBXmlU=,iuGrT1vw7iy+Nlx7LQdSkE1YC2Q=
34,59,NR7X0qLscqynj5A/knYH5UBXmlU=,iuGrT1vw7iy+Nlx7LQdSkE1YC2Q=
34,55,NR7X0qLscqynj5A/knYH5UBXmlU=,4KCixDe508glr4N7x/f1eitFsvc=
39,61,NR7X0qLscqynj5A/knYH5UBXmlU=,iuGrT1vw7iy+Nlx7LQdSkE1YC2Q=
40,61,NR7X0qLscqynj5A/knYH5UBXmlU=,j+BGuX9SOzQbn9ZKYlFZZLYXSLs=
38,62,NR7X0qLscqynj5A/knYH5UBXmlU=,iuGrT1vw7iy+Nlx7LQdSkE1YC2Q=
39,62,NR7X0qLscqynj5A/knYH5UBXmlU=,iuGrT1vw7iy+Nlx7LQdSkE1YC2Q=
33,60,NR7X0qLscqynj5A/knYH5UBXmlU=,iuGrT1vw7iy+Nlx7LQdSkE1YC2Q=
37,62,NR7X0qLscqynj5A/knYH5UBXmlU=,iuGrT1vw7iy+Nlx7LQdSkE1YC2Q=
36,62,NR7X0qLscqynj5A/knYH5UBXmlU=,iuGrT1vw7iy+Nlx7LQdSkE1YC2Q=
32,61,NR7X0qLscqynj5A/knYH5UBXmlU=,iuGrT1vw7iy+Nlx7LQdSkE1YC2Q=
34,60,NR7X0qLscqynj5A/knYH5UBXmlU=,iuGrT1vw7iy+Nlx7LQdSkE1YC2Q=
33,61,NR7X0qLscqynj5A/knYH5UBXmlU=,iuGrT1vw7iy+Nlx7LQdSkE1YC2Q=
43,63,NR7X0qLscqynj5A/knYH5UBXmlU=,j+BGuX9SOzQbn9ZKYlFZZLYXSLs=
35,60,NR7X0qLscqynj5A/knYH5UBXmlU=,iuGrT1vw7iy+Nlx7LQdSkE1YC2Q=
40,62,NR7X0qLscqynj5A/knYH5UBXmlU=,j+BGuX9SOzQbn9ZKYlFZZLYXSLs=
34,61,NR7X0qLscqynj5A/knYH5UBXmlU=,iuGrT1vw7iy+Nlx7LQdSkE1YC2Q=
41,63,NR7X0qLscqynj5A/knYH5UBXmlU=,j+BGuX9SOzQbn9ZKYlFZZLYXSLs=
42,63,NR7X0qLscqynj5A/knYH5UBXmlU=,j+BGuX9SOzQbn9ZKYlFZZLYXSLs=
35,61,NR7X0qLscqynj5A/knYH5UBXmlU=,iuGrT1vw7iy+Nlx7LQdSkE1YC2Q=
34,62,NR7X0qLscqynj5A/knYH5UBXmlU=,iuGrT1vw7iy+Nlx7LQdSkE1YC2Q=
33,62,NR7X0qLscqynj5A/knYH5UBXmlU=,iuGrT1vw7iy+Nlx7LQdSkE1YC2Q=
32,60,NR7X0qLscqynj5A/knYH5UBXmlU=,iuGrT1vw7iy+Nlx7LQdSkE1YC2Q=
32,56,NR7X0qLscqynj5A/knYH5UBXmlU=,iuGrT1vw7iy+Nlx7LQdSkE1YC2Q=
47,48,NR7X0qLscqynj5A/knYH5UBXmlU=,yymivusoj2O0UMHsHB8lRyWZZvo=
32,57,NR7X0qLscqynj5A/knYH5UBXmlU=,iuGrT1vw7iy+Nlx7LQdSkE1YC2Q=
33,63,NR7X0qLscqynj5A/knYH5UBXmlU=,iuGrT1vw7iy+Nlx7LQdSkE1YC2Q=
45,49,NR7X0qLscqynj5A/knYH5UBXmlU=,yymivusoj2O0UMHsHB8lRyWZZvo=
35,62,NR7X0qLscqynj5A/knYH5UBXmlU=,iuGrT1vw7iy+Nlx7LQdSkE1YC2Q=
44,49,NR7X0qLscqynj5A/knYH5UBXmlU=,yymivusoj2O0UMHsHB8lRyWZZvo=
32,58,NR7X0qLscqynj5A/knYH5UBXmlU=,iuGrT1vw7iy+Nlx7LQdSkE1YC2Q=
34,63,NR7X0qLscqynj5A/knYH5UBXmlU=,iuGrT1vw7iy+Nlx7LQdSkE1YC2Q=
34,48,NR7X0qLscqynj5A/knYH5UBXmlU=,4KCixDe508glr4N7x/f1eitFsvc=
35,63,NR7X0qLscqynj5A/knYH5UBXmlU=,iuGrT1vw7iy+Nlx7LQdSkE1YC2Q=
46,49,/jvJVjuyuY8XapAsyrZvSwUYWMQ=,yymivusoj2O0UMHsHB8lRyWZZvo=
33,48,/jvJVjuyuY8XapAsyrZvSwUYWMQ=,4KCixDe508glr4N7x/f1eitFsvc=
47,49,/jvJVjuyuY8XapAsyrZvSwUYWMQ=,yymivusoj2O0UMHsHB8lRyWZZvo=
35,48,/jvJVjuyuY8XapAsyrZvSwUYWMQ=,4KCixDe508glr4N7x/f1eitFsvc=
36,48,/jvJVjuyuY8XapAsyrZvSwUYWMQ=,4KCixDe508glr4N7x/f1eitFsvc=
32,59,/jvJVjuyuY8XapAsyrZvSwUYWMQ=,iuGrT1vw7iy+Nlx7LQdSkE1YC2Q=
46,50,/jvJVjuyuY8XapAsyrZvSwUYWMQ=,yymivusoj2O0UMHsHB8lRyWZZvo=
37,48,/jvJVjuyuY8XapAsyrZvSwUYWMQ=,4KCixDe508glr4N7x/f1eitFsvc=
46,48,/jvJVjuyuY8XapAsyrZvSwUYWMQ=,yymivusoj2O0UMHsHB8lRyWZZvo=
47,50,/jvJVjuyuY8XapAsyrZvSwUYWMQ=,yymivusoj2O0UMHsHB8lRyWZZvo=
33,49,/jvJVjuyuY8XapAsyrZvSwUYWMQ=,4KCixDe508glr4N7x/f1eitFsvc=
45,50,/jvJVjuyuY8XapAsyrZvSwUYWMQ=,yymivusoj2O0UMHsHB8lRyWZZvo=
44,50,/jvJVjuyuY8XapAsyrZvSwUYWMQ=,yymivusoj2O0UMHsHB8lRyWZZvo=
41,50,/jvJVjuyuY8XapAsyrZvSwUYWMQ=,yymivusoj2O0UMHsHB8lRyWZZvo=
32,48,/jvJVjuyuY8XapAsyrZvSwUYWMQ=,4KCixDe508glr4N7x/f1eitFsvc=
45,51,/jvJVjuyuY8XapAsyrZvSwUYWMQ=,yymivusoj2O0UMHsHB8lRyWZZvo=
41,51,/jvJVjuyuY8XapAsyrZvSwUYWMQ=,yymivusoj2O0UMHsHB8lRyWZZvo=
42,51,/jvJVjuyuY8XapAsyrZvSwUYWMQ=,yymivusoj2O0UMHsHB8lRyWZZvo=
41,49,/jvJVjuyuY8XapAsyrZvSwUYWMQ=,yymivusoj2O0UMHsHB8lRyWZZvo=
34,50,/jvJVjuyuY8XapAsyrZvSwUYWMQ=,4KCixDe508glr4N7x/f1eitFsvc=
33,50,/jvJVjuyuY8XapAsyrZvSwUYWMQ=,4KCixDe508glr4N7x/f1eitFsvc=
42,50,/jvJVjuyuY8XapAsyrZvSwUYWMQ=,yymivusoj2O0UMHsHB8lRyWZZvo=
44,51,/jvJVjuyuY8XapAsyrZvSwUYWMQ=,yymivusoj2O0UMHsHB8lRyWZZvo=
43,50,/jvJVjuyuY8XapAsyrZvSwUYWMQ=,yymivusoj2O0UMHsHB8lRyWZZvo=
34,49,/jvJVjuyuY8XapAsyrZvSwUYWMQ=,4KCixDe508glr4N7x/f1eitFsvc=
43,51,/jvJVjuyuY8XapAsyrZvSwUYWMQ=,yymivusoj2O0UMHsHB8lRyWZZvo=
43,49,/jvJVjuyuY8XapAsyrZvSwUYWMQ=,yymivusoj2O0UMHsHB8lRyWZZvo=
35,50,/jvJVjuyuY8XapAsyrZvSwUYWMQ=,4KCixDe508glr4N7x/f1eitFsvc=
42,49,/jvJVjuyuY8XapAsyrZvSwUYWMQ=,yymivusoj2O0UMHsHB8lRyWZZvo=
46,51,/jvJVjuyuY8XapAsyrZvSwUYWMQ=,yymivusoj2O0UMHsHB8lRyWZZvo=
40,49,/jvJVjuyuY8XapAsyrZvSwUYWMQ=,yymivusoj2O0UMHsHB8lRyWZZvo=
47,51,/jvJVjuyuY8XapAsyrZvSwUYWMQ=,yymivusoj2O0UMHsHB8lRyWZZvo=
35,49,/jvJVjuyuY8XapAsyrZvSwUYWMQ=,4KCixDe508glr4N7x/f1eitFsvc=
37,50,/jvJVjuyuY8XapAsyrZvSwUYWMQ=,4KCixDe508glr4N7x/f1eitFsvc=
36,50,/jvJVjuyuY8XapAsyrZvSwUYWMQ=,4KCixDe508glr4N7x/f1eitFsvc=
40,50,/jvJVjuyuY8XapAsyrZvSwUYWMQ=,yymivusoj2O0UMHsHB8lRyWZZvo=
36,49,/jvJVjuyuY8XapAsyrZvSwUYWMQ=,4KCixDe508glr4N7x/f1eitFsvc=
34,51,/jvJVjuyuY8XapAsyrZvSwUYWMQ=,4KCixDe508glr4N7x/f1eitFsvc=
38,50,/jvJVjuyuY8XapAsyrZvSwUYWMQ=,4KCixDe508glr4N7x/f1eitFsvc=
37,49,/jvJVjuyuY8XapAsyrZvSwUYWMQ=,4KCixDe508glr4N7x/f1eitFsvc=
39,48,/jvJVjuyuY8XapAsyrZvSwUYWMQ=,4KCixDe508glr4N7x/f1eitFsvc=
35,51,/jvJVjuyuY8XapAsyrZvSwUYWMQ=,4KCixDe508glr4N7x/f1eitFsvc=
36,51,/jvJVjuyuY8XapAsyrZvSwUYWMQ=,4KCixDe508glr4N7x/f1eitFsvc=
38,49,/jvJVjuyuY8XapAsyrZvSwUYWMQ=,4KCixDe508glr4N7x/f1eitFsvc=
40,51,/jvJVjuyuY8XapAsyrZvSwUYWMQ=,yymivusoj2O0UMHsHB8lRyWZZvo=
45,48,/jvJVjuyuY8XapAsyrZvSwUYWMQ=,yymivusoj2O0UMHsHB8lRyWZZvo=
47,63,/jvJVjuyuY8XapAsyrZvSwUYWMQ=,j+BGuX9SOzQbn9ZKYlFZZLYXSLs=
38,51,/jvJVjuyuY8XapAsyrZvSwUYWMQ=,4KCixDe508glr4N7x/f1eitFsvc=
37,51,/jvJVjuyuY8XapAsyrZvSwUYWMQ=,4KCixDe508glr4N7x/f1eitFsvc=
33,51,/jvJVjuyuY8XapAsyrZvSwUYWMQ=,4KCixDe508glr4N7x/f1eitFsvc=
32,49,/jvJVjuyuY8XapAsyrZvSwUYWMQ=,4KCixDe508glr4N7x/f1eitFsvc=
44,60,/jvJVjuyuY8XapAsyrZvSwUYWMQ=,j+BGuX9SOzQbn9ZKYlFZZLYXSLs=
32,50,/jvJVjuyuY8XapAsyrZvSwUYWMQ=,4KCixDe508glr4N7x/f1eitFsvc=
39,50,/jvJVjuyuY8XapAsyrZvSwUYWMQ=,4KCixDe508glr4N7x/f1eitFsvc=
32,51,/jvJVjuyuY8XapAsyrZvSwUYWMQ=,4KCixDe508glr4N7x/f1eitFsvc=
39,51,/jvJVjuyuY8XapAsyrZvSwUYWMQ=,4KCixDe508glr4N7x/f1eitFsvc=
46,61,/jvJVjuyuY8XapAsyrZvSwUYWMQ=,j+BGuX9SOzQbn9ZKYlFZZLYXSLs=
45,60,/jvJVjuyuY8XapAsyrZvSwUYWMQ=,j+BGuX9SOzQbn9ZKYlFZZLYXSLs=
45,62,/jvJVjuyuY8XapAsyrZvSwUYWMQ=,j+BGuX9SOzQbn9ZKYlFZZLYXSLs=
39,49,/jvJVjuyuY8XapAsyrZvSwUYWMQ=,4KCixDe508glr4N7x/f1eitFsvc=
44,48,/jvJVjuyuY8XapAsyrZvSwUYWMQ=,yymivusoj2O0UMHsHB8lRyWZZvo=
46,60,/jvJVjuyuY8XapAsyrZvSwUYWMQ=,j+BGuX9SOzQbn9ZKYlFZZLYXSLs=
46,62,/jvJVjuyuY8XapAsyrZvSwUYWMQ=,j+BGuX9SOzQbn9ZKYlFZZLYXSLs=
44,62,/jvJVjuyuY8XapAsyrZvSwUYWMQ=,j+BGuX9SOzQbn9ZKYlFZZLYXSLs=
44,61,/jvJVjuyuY8XapAsyrZvSwUYWMQ=,j+BGuX9SOzQbn9ZKYlFZZLYXSLs=
45,61,/jvJVjuyuY8XapAsyrZvSwUYWMQ=,j+BGuX9SOzQbn9ZKYlFZZLYXSLs=
40,48,/jvJVjuyuY8XapAsyrZvSwUYWMQ=,yymivusoj2O0UMHsHB8lRyWZZvo=
41,48,/jvJVjuyuY8XapAsyrZvSwUYWMQ=,yymivusoj2O0UMHsHB8lRyWZZvo=
47,61,/jvJVjuyuY8XapAsyrZvSwUYWMQ=,j+BGuX9SOzQbn9ZKYlFZZLYXSLs=
47,60,/jvJVjuyuY8XapAsyrZvSwUYWMQ=,j+BGuX9SOzQbn9ZKYlFZZLYXSLs=
47,62,/jvJVjuyuY8XapAsyrZvSwUYWMQ=,j+BGuX9SOzQbn9ZKYlFZZLYXSLs=
42,48,/jvJVjuyuY8XapAsyrZvSwUYWMQ=,yymivusoj2O0UMHsHB8lRyWZZvo=
43,48,/jvJVjuyuY8XapAsyrZvSwUYWMQ=,yymivusoj2O0UMHsHB8lRyWZZvo=
38,48,/jvJVjuyuY8XapAsyrZvSwUYWMQ=,4KCixDe508glr4N7x/f1eitFsvc=
45,63,/jvJVjuyuY8XapAsyrZvSwUYWMQ=,j+BGuX9SOzQbn9ZKYlFZZLYXSLs=
46,63,/jvJVjuyuY8XapAsyrZvSwUYWMQ=,j+BGuX9SOzQbn9ZKYlFZZLYXSLs=
44,63,/jvJVjuyuY8XapAsyrZvSwUYWMQ=,j+BGuX9SOzQbn9ZKYlFZZLYXSLs=
56,55,vHxgRLeYtJaOO4yeao8Mly1jza0=,zZSxvAoRGV8w6ymKsDYN3oimrDM=
54,55,vHxgRLeYtJaOO4yeao8Mly1jza0=,3Ddef1aLSidg+VBIUff+NfdMpsw=
57,52,vHxgRLeYtJaOO4yeao8Mly1jza0=,zZSxvAoRGV8w6ymKsDYN3oimrDM=
52,55,vHxgRLeYtJaOO4yeao8Mly1jza0=,3Ddef1aLSidg+VBIUff+NfdMpsw=
53,55,vHxgRLeYtJaOO4yeao8Mly1jza0=,3Ddef1aLSidg+VBIUff+NfdMpsw=
55,55,vHxgRLeYtJaOO4yeao8Mly1jza0=,3Ddef1aLSidg+VBIUff+NfdMpsw=
59,52,vHxgRLeYtJaOO4yeao8Mly1jza0=,zZSxvAoRGV8w6ymKsDYN3oimrDM=
58,52,vHxgRLeYtJaOO4yeao8Mly1jza0=,zZSxvAoRGV8w6ymKsDYN3oimrDM=
56,57,vHxgRLeYtJaOO4yeao8Mly1jza0=,XBebL62Y8YrkF2ABKH3cQN6eEp8=
56,60,vHxgRLeYtJaOO4yeao8Mly1jza0=,XBebL62Y8YrkF2ABKH3cQN6eEp8=
58,58,vHxgRLeYtJaOO4yeao8Mly1jza0=,XBebL62Y8YrkF2ABKH3cQN6eEp8=
57,58,vHxgRLeYtJaOO4yeao8Mly1jza0=,XBebL62Y8YrkF2ABKH3cQN6eEp8=
59,58,vHxgRLeYtJaOO4yeao8Mly1jza0=,XBebL62Y8YrkF2ABKH3cQN6eEp8=
58,53,vHxgRLeYtJaOO4yeao8Mly1jza0=,zZSxvAoRGV8w6ymKsDYN3oimrDM=
57,53,vHxgRLeYtJaOO4yeao8Mly1jza0=,zZSxvAoRGV8w6ymKsDYN3oimrDM=
59,55,vHxgRLeYtJaOO4yeao8Mly1jza0=,zZSxvAoRGV8w6ymKsDYN3oimrDM=
59,53,vHxgRLeYtJaOO4yeao8Mly1jza0=,zZSxvAoRGV8w6ymKsDYN3oimrDM=
57,54,vHxgRLeYtJaOO4yeao8Mly1jza0=,zZSxvAoRGV8w6ymKsDYN3oimrDM=
59,59,vHxgRLeYtJaOO4yeao8Mly1jza0=,XBebL62Y8YrkF2ABKH3cQN6eEp8=
57,59,vHxgRLeYtJaOO4yeao8Mly1jza0=,XBebL62Y8YrkF2ABKH3cQN6eEp8=
58,59,vHxgRLeYtJaOO4yeao8Mly1jza0=,XBebL62Y8YrkF2ABKH3cQN6eEp8=
59,54,vHxgRLeYtJaOO4yeao8Mly1jza0=,zZSxvAoRGV8w6ymKsDYN3oimrDM=
58,54,vHxgRLeYtJaOO4yeao8Mly1jza0=,zZSxvAoRGV8w6ymKsDYN3oimrDM=
56,61,vHxgRLeYtJaOO4yeao8Mly1jza0=,XBebL62Y8YrkF2ABKH3cQN6eEp8=
52,54,vHxgRLeYtJaOO4yeao8Mly1jza0=,3Ddef1aLSidg+VBIUff+NfdMpsw=
53,54,vHxgRLeYtJaOO4yeao8Mly1jza0=,3Ddef1aLSidg+VBIUff+NfdMpsw=
58,55,vHxgRLeYtJaOO4yeao8Mly1jza0=,zZSxvAoRGV8w6ymKsDYN3oimrDM=
54,54,vHxgRLeYtJaOO4yeao8Mly1jza0=,3Ddef1aLSidg+VBIUff+NfdMpsw=
57,56,vHxgRLeYtJaOO4yeao8Mly1jza0=,XBebL62Y8YrkF2ABKH3cQN6eEp8=
55,54,vHxgRLeYtJaOO4yeao8Mly1jza0=,3Ddef1aLSidg+VBIUff+NfdMpsw=
59,56,vHxgRLeYtJaOO4yeao8Mly1jza0=,XBebL62Y8YrkF2ABKH3cQN6eEp8=
58,56,vHxgRLeYtJaOO4yeao8Mly1jza0=,XBebL62Y8YrkF2ABKH3cQN6eEp8=
57,60,vHxgRLeYtJaOO4yeao8Mly1jza0=,XBebL62Y8YrkF2ABKH3cQN6eEp8=
57,55,vHxgRLeYtJaOO4yeao8Mly1jza0=,zZSxvAoRGV8w6ymKsDYN3oimrDM=
56,62,vHxgRLeYtJaOO4yeao8Mly1jza0=,XBebL62Y8YrkF2ABKH3cQN6eEp8=
58,61,vHxgRLeYtJaOO4yeao8Mly1jza0=,XBebL62Y8YrkF2ABKH3cQN6eEp8=
59,61,vHxgRLeYtJaOO4yeao8Mly1jza0=,XBebL62Y8YrkF2ABKH3cQN6eEp8=
56,52,vHxgRLeYtJaOO4yeao8Mly1jza0=,zZSxvAoRGV8w6ymKsDYN3oimrDM=
58,60,vHxgRLeYtJaOO4yeao8Mly1jza0=,XBebL62Y8YrkF2ABKH3cQN6eEp8=
54,52,vHxgRLeYtJaOO4yeao8Mly1jza0=,3Ddef1aLSidg+VBIUff+NfdMpsw=
56,53,vHxgRLeYtJaOO4yeao8Mly1jza0=,zZSxvAoRGV8w6ymKsDYN3oimrDM=
57,61,vHxgRLeYtJaOO4yeao8Mly1jza0=,XBebL62Y8YrkF2ABKH3cQN6eEp8=
59,60,vHxgRLeYtJaOO4yeao8Mly1jza0=,XBebL62Y8YrkF2ABKH3cQN6eEp8=
55,52,vHxgRLeYtJaOO4yeao8Mly1jza0=,3Ddef1aLSidg+VBIUff+NfdMpsw=
56,54,vHxgRLeYtJaOO4yeao8Mly1jza0=,zZSxvAoRGV8w6ymKsDYN3oimrDM=
57,62,vHxgRLeYtJaOO4yeao8Mly1jza0=,XBebL62Y8YrkF2ABKH3cQN6eEp8=
53,52,vHxgRLeYtJaOO4yeao8Mly1jza0=,3Ddef1aLSidg+VBIUff+NfdMpsw=
52,52,vHxgRLeYtJaOO4yeao8Mly1jza0=,3Ddef1aLSidg+VBIUff+NfdMpsw=
52,53,vHxgRLeYtJaOO4yeao8Mly1jza0=,3Ddef1aLSidg+VBIUff+NfdMpsw=
53,53,vHxgRLeYtJaOO4yeao8Mly1jza0=,3Ddef1aLSidg+VBIUff+NfdMpsw=
55,53,vHxgRLeYtJaOO4yeao8Mly1jza0=,3Ddef1aLSidg+VBIUff+NfdMpsw=
54,53,vHxgRLeYtJaOO4yeao8Mly1jza0=,3Ddef1aLSidg+VBIUff+NfdMpsw=
56,63,vHxgRLeYtJaOO4yeao8Mly1jza0=,XBebL62Y8YrkF2ABKH3cQN6eEp8=
59,62,vHxgRLeYtJaOO4yeao8Mly1jza0=,XBebL62Y8YrkF2ABKH3cQN6eEp8=
59,57,vHxgRLeYtJaOO4yeao8Mly1jza0=,XBebL62Y8YrkF2ABKH3cQN6eEp8=
57,63,vHxgRLeYtJaOO4yeao8Mly1jza0=,XBebL62Y8YrkF2ABKH3cQN6eEp8=
58,62,vHxgRLeYtJaOO4yeao8Mly1jza0=,XBebL62Y8YrkF2ABKH3cQN6eEp8=
57,57,vHxgRLeYtJaOO4yeao8Mly1jza0=,XBebL62Y8YrkF2ABKH3cQN6eEp8=
58,57,vHxgRLeYtJaOO4yeao8Mly1jza0=,XBebL62Y8YrkF2ABKH3cQN6eEp8=
58,63,vHxgRLeYtJaOO4yeao8Mly1jza0=,XBebL62Y8YrkF2ABKH3cQN6eEp8=
53,57,vHxgRLeYtJaOO4yeao8Mly1jza0=,TLM7geRku61n6RhLHURAF0+uOTM=
54,57,vHxgRLeYtJaOO4yeao8Mly1jza0=,TLM7geRku61n6RhLHURAF0+uOTM=
59,63,vHxgRLeYtJaOO4yeao8Mly1jza0=,XBebL62Y8YrkF2ABKH3cQN6eEp8=
52,57,vHxgRLeYtJaOO4yeao8Mly1jza0=,TLM7geRku61n6RhLHURAF0+uOTM=
55,56,vHxgRLeYtJaOO4yeao8Mly1jza0=,TLM7geRku61n6RhLHURAF0+uOTM=
55,58,vHxgRLeYtJaOO4yeao8Mly1jza0=,TLM7geRku61n6RhLHURAF0+uOTM=
53,58,vHxgRLeYtJaOO4yeao8Mly1jza0=,TLM7geRku61n6RhLHURAF0+uOTM=
55,57,vHxgRLeYtJaOO4yeao8Mly1jza0=,TLM7geRku61n6RhLHURAF0+uOTM=
54,58,vHxgRLeYtJaOO4yeao8Mly1jza0=,TLM7geRku61n6RhLHURAF0+uOTM=
52,58,vHxgRLeYtJaOO4yeao8Mly1jza0=,TLM7geRku61n6RhLHURAF0+uOTM=
52,56,vHxgRLeYtJaOO4yeao8Mly1jza0=,TLM7geRku61n6RhLHURAF0+uOTM=
53,56,vHxgRLeYtJaOO4yeao8Mly1jza0=,TLM7geRku61n6RhLHURAF0+uOTM=
52,59,vHxgRLeYtJaOO4yeao8Mly1jza0=,TLM7geRku61n6RhLHURAF0+uOTM=
53,59,vHxgRLeYtJaOO4yeao8Mly1jza0=,TLM7geRku61n6RhLHURAF0+uOTM=
54,56,vHxgRLeYtJaOO4yeao8Mly1jza0=,TLM7geRku61n6RhLHURAF0+uOTM=
54,59,vHxgRLeYtJaOO4yeao8Mly1jza0=,TLM7geRku61n6RhLHURAF0+uOTM=
52,60,vHxgRLeYtJaOO4yeao8Mly1jza0=,TLM7geRku61n6RhLHURAF0+uOTM=
55,59,vHxgRLeYtJaOO4yeao8Mly1jza0=,TLM7geRku61n6RhLHURAF0+uOTM=
56,58,vHxgRLeYtJaOO4yeao8Mly1jza0=,XBebL62Y8YrkF2ABKH3cQN6eEp8=
52,61,vHxgRLeYtJaOO4yeao8Mly1jza0=,TLM7geRku61n6RhLHURAF0+uOTM=
53,60,vHxgRLeYtJaOO4yeao8Mly1jza0=,TLM7geRku61n6RhLHURAF0+uOTM=
54,60,vHxgRLeYtJaOO4yeao8Mly1jza0=,TLM7geRku61n6RhLHURAF0+uOTM=
55,60,vHxgRLeYtJaOO4yeao8Mly1jza0=,TLM7geRku61n6RhLHURAF0+uOTM=
53,61,vHxgRLeYtJaOO4yeao8Mly1jza0=,TLM7geRku61n6RhLHURAF0+uOTM=
55,61,vHxgRLeYtJaOO4yeao8Mly1jza0=,TLM7geRku61n6RhLHURAF0+uOTM=
54,61,vHxgRLeYtJaOO4yeao8Mly1jza0=,TLM7geRku61n6RhLHURAF0+uOTM=
52,62,vHxgRLeYtJaOO4yeao8Mly1jza0=,TLM7geRku61n6RhLHURAF0+uOTM=
53,62,vHxgRLeYtJaOO4yeao8Mly1jza0=,TLM7geRku61n6RhLHURAF0+uOTM=
56,59,vHxgRLeYtJaOO4yeao8Mly1jza0=,XBebL62Y8YrkF2ABKH3cQN6eEp8=
54,63,vHxgRLeYtJaOO4yeao8Mly1jza0=,TLM7geRku61n6RhLHURAF0+uOTM=
56,56,vHxgRLeYtJaOO4yeao8Mly1jza0=,XBebL62Y8YrkF2ABKH3cQN6eEp8=
55,62,vHxgRLeYtJaOO4yeao8Mly1jza0=,TLM7geRku61n6RhLHURAF0+uOTM=
52,63,vHxgRLeYtJaOO4yeao8Mly1jza0=,TLM7geRku61n6RhLHURAF0+uOTM=
54,62,vHxgRLeYtJaOO4yeao8Mly1jza0=,TLM7geRku61n6RhLHURAF0+uOTM=
53,63,vHxgRLeYtJaOO4yeao8Mly1jza0=,TLM7geRku61n6RhLHURAF0+uOTM=
55,63,vHxgRLeYtJaOO4yeao8Mly1jza0=,TLM7geRku61n6RhLHURAF0+uOTM=
51,60,vHxgRLeYtJaOO4yeao8Mly1jza0=,TLM7geRku61n6RhLHURAF0+uOTM=
49,60,vHxgRLeYtJaOO4yeao8Mly1jza0=,TLM7geRku61n6RhLHURAF0+uOTM=
50,60,vHxgRLeYtJaOO4yeao8Mly1jza0=,TLM7geRku61n6RhLHURAF0+uOTM=
50,61,vHxgRLeYtJaOO4yeao8Mly1jza0=,TLM7geRku61n6RhLHURAF0+uOTM=
48,63,vHxgRLeYtJaOO4yeao8Mly1jza0=,TLM7geRku61n6RhLHURAF0+uOTM=
49,61,vHxgRLeYtJaOO4yeao8Mly1jza0=,TLM7geRku61n6RhLHURAF0+uOTM=
51,61,vHxgRLeYtJaOO4yeao8Mly1jza0=,TLM7geRku61n6RhLHURAF0+uOTM=
51,62,vHxgRLeYtJaOO4yeao8Mly1jza0=,TLM7geRku61n6RhLHURAF0+uOTM=
49,63,vHxgRLeYtJaOO4yeao8Mly1jza0=,TLM7geRku61n6RhLHURAF0+uOTM=
49,62,vHxgRLeYtJaOO4yeao8Mly1jza0=,TLM7geRku61n6RhLHURAF0+uOTM=
50,62,vHxgRLeYtJaOO4yeao8Mly1jza0=,TLM7geRku61n6RhLHURAF0+uOTM=
48,62,vHxgRLeYtJaOO4yeao8Mly1jza0=,TLM7geRku61n6RhLHURAF0+uOTM=
48,61,vHxgRLeYtJaOO4yeao8Mly1jza0=,TLM7geRku61n6RhLHURAF0+uOTM=
53,48,vHxgRLeYtJaOO4yeao8Mly1jza0=,3Ddef1aLSidg+VBIUff+NfdMpsw=
50,63,vHxgRLeYtJaOO4yeao8Mly1jza0=,TLM7geRku61n6RhLHURAF0+uOTM=
52,48,vHxgRLeYtJaOO4yeao8Mly1jza0=,3Ddef1aLSidg+VBIUff+NfdMpsw=
51,63,vHxgRLeYtJaOO4yeao8Mly1jza0=,TLM7geRku61n6RhLHURAF0+uOTM=
48,52,vHxgRLeYtJaOO4yeao8Mly1jza0=,3Ddef1aLSidg+VBIUff+NfdMpsw=
48,60,vHxgRLeYtJaOO4yeao8Mly1jza0=,TLM7geRku61n6RhLHURAF0+uOTM=
57,49,vHxgRLeYtJaOO4yeao8Mly1jza0=,zZSxvAoRGV8w6ymKsDYN3oimrDM=
55,48,vHxgRLeYtJaOO4yeao8Mly1jza0=,3Ddef1aLSidg+VBIUff+NfdMpsw=
48,55,vHxgRLeYtJaOO4yeao8Mly1jza0=,3Ddef1aLSidg+VBIUff+NfdMpsw=
49,54,vHxgRLeYtJaOO4yeao8Mly1jza0=,3Ddef1aLSidg+VBIUff+NfdMpsw=
58,49,vHxgRLeYtJaOO4yeao8Mly1jza0=,zZSxvAoRGV8w6ymKsDYN3oimrDM=
48,53,vHxgRLeYtJaOO4yeao8Mly1jza0=,3Ddef1aLSidg+VBIUff+NfdMpsw=
48,56,vHxgRLeYtJaOO4yeao8Mly1jza0=,TLM7geRku61n6RhLHURAF0+uOTM=
48,51,vHxgRLeYtJaOO4yeao8Mly1jza0=,3Ddef1aLSidg+VBIUff+NfdMpsw=
59,49,vHxgRLeYtJaOO4yeao8Mly1jza0=,zZSxvAoRGV8w6ymKsDYN3oimrDM=
54,48,vHxgRLeYtJaOO4yeao8Mly1jza0=,3Ddef1aLSidg+VBIUff+NfdMpsw=
57,51,vHxgRLeYtJaOO4yeao8Mly1jza0=,zZSxvAoRGV8w6ymKsDYN3oimrDM=
58,50,vHxgRLeYtJaOO4yeao8Mly1jza0=,zZSxvAoRGV8w6ymKsDYN3oimrDM=
50,54,vHxgRLeYtJaOO4yeao8Mly1jza0=,3Ddef1aLSidg+VBIUff+NfdMpsw=
58,51,vHxgRLeYtJaOO4yeao8Mly1jza0=,zZSxvAoRGV8w6ymKsDYN3oimrDM=
59,50,vHxgRLeYtJaOO4yeao8Mly1jza0=,zZSxvAoRGV8w6ymKsDYN3oimrDM=
50,50,vHxgRLeYtJaOO4yeao8Mly1jza0=,3Ddef1aLSidg+VBIUff+NfdMpsw=
57,50,vHxgRLeYtJaOO4yeao8Mly1jza0=,zZSxvAoRGV8w6ymKsDYN3oimrDM=
48,50,vHxgRLeYtJaOO4yeao8Mly1jza0=,3Ddef1aLSidg+VBIUff+NfdMpsw=
49,49,vHxgRLeYtJaOO4yeao8Mly1jza0=,3Ddef1aLSidg+VBIUff+NfdMpsw=
50,49,vHxgRLeYtJaOO4yeao8Mly1jza0=,3Ddef1aLSidg+VBIUff+NfdMpsw=
51,50,vHxgRLeYtJaOO4yeao8Mly1jza0=,3Ddef1aLSidg+VBIUff+NfdMpsw=
48,54,vHxgRLeYtJaOO4yeao8Mly1jza0=,3Ddef1aLSidg+VBIUff+NfdMpsw=
51,49,vHxgRLeYtJaOO4yeao8Mly1jza0=,3Ddef1aLSidg+VBIUff+NfdMpsw=
48,48,vHxgRLeYtJaOO4yeao8Mly1jza0=,3Ddef1aLSidg+VBIUff+NfdMpsw=
56,48,vHxgRLeYtJaOO4yeao8Mly1jza0=,zZSxvAoRGV8w6ymKsDYN3oimrDM=
49,51,vHxgRLeYtJaOO4yeao8Mly1jza0=,3Ddef1aLSidg+VBIUff+NfdMpsw=
49,50,vHxgRLeYtJaOO4yeao8Mly1jza0=,3Ddef1aLSidg+VBIUff+NfdMpsw=
51,54,vHxgRLeYtJaOO4yeao8Mly1jza0=,3Ddef1aLSidg+VBIUff+NfdMpsw=
48,49,vHxgRLeYtJaOO4yeao8Mly1jza0=,3Ddef1aLSidg+VBIUff+NfdMpsw=
50,51,vHxgRLeYtJaOO4yeao8Mly1jza0=,3Ddef1aLSidg+VBIUff+NfdMpsw=
50,48,vHxgRLeYtJaOO4yeao8Mly1jza0=,3Ddef1aLSidg+VBIUff+NfdMpsw=
59,51,vHxgRLeYtJaOO4yeao8Mly1jza0=,zZSxvAoRGV8w6ymKsDYN3oimrDM=
51,51,vHxgRLeYtJaOO4yeao8Mly1jza0=,3Ddef1aLSidg+VBIUff+NfdMpsw=
51,48,vHxgRLeYtJaOO4yeao8Mly1jza0=,3Ddef1aLSidg+VBIUff+NfdMpsw=
53,51,vHxgRLeYtJaOO4yeao8Mly1jza0=,3Ddef1aLSidg+VBIUff+NfdMpsw=
59,48,vHxgRLeYtJaOO4yeao8Mly1jza0=,zZSxvAoRGV8w6ymKsDYN3oimrDM=
49,48,vHxgRLeYtJaOO4yeao8Mly1jza0=,3Ddef1aLSidg+VBIUff+NfdMpsw=
54,51,vHxgRLeYtJaOO4yeao8Mly1jza0=,3Ddef1aLSidg+VBIUff+NfdMpsw=
52,51,vHxgRLeYtJaOO4yeao8Mly1jza0=,3Ddef1aLSidg+VBIUff+NfdMpsw=
49,52,vHxgRLeYtJaOO4yeao8Mly1jza0=,3Ddef1aLSidg+VBIUff+NfdMpsw=
48,59,vHxgRLeYtJaOO4yeao8Mly1jza0=,TLM7geRku61n6RhLHURAF0+uOTM=
56,49,vHxgRLeYtJaOO4yeao8Mly1jza0=,zZSxvAoRGV8w6ymKsDYN3oimrDM=
52,50,vHxgRLeYtJaOO4yeao8Mly1jza0=,3Ddef1aLSidg+VBIUff+NfdMpsw=
53,50,vHxgRLeYtJaOO4yeao8Mly1jza0=,3Ddef1aLSidg+VBIUff+NfdMpsw=
55,51,vHxgRLeYtJaOO4yeao8Mly1jza0=,3Ddef1aLSidg+VBIUff+NfdMpsw=
58,48,vHxgRLeYtJaOO4yeao8Mly1jza0=,zZSxvAoRGV8w6ymKsDYN3oimrDM=
53,49,vHxgRLeYtJaOO4yeao8Mly1jza0=,3Ddef1aLSidg+VBIUff+NfdMpsw=
52,49,vHxgRLeYtJaOO4yeao8Mly1jza0=,3Ddef1aLSidg+VBIUff+NfdMpsw=
56,50,vHxgRLeYtJaOO4yeao8Mly1jza0=,zZSxvAoRGV8w6ymKsDYN3oimrDM=
56,51,vHxgRLeYtJaOO4yeao8Mly1jza0=,zZSxvAoRGV8w6ymKsDYN3oimrDM=
50,52,vHxgRLeYtJaOO4yeao8Mly1jza0=,3Ddef1aLSidg+VBIUff+NfdMpsw=
51,52,vHxgRLeYtJaOO4yeao8Mly1jza0=,3Ddef1aLSidg+VBIUff+NfdMpsw=
48,58,vHxgRLeYtJaOO4yeao8Mly1jza0=,TLM7geRku61n6RhLHURAF0+uOTM=
54,50,vHxgRLeYtJaOO4yeao8Mly1jza0=,3Ddef1aLSidg+VBIUff+NfdMpsw=
54,49,vHxgRLeYtJaOO4yeao8Mly1jza0=,3Ddef1aLSidg+VBIUff+NfdMpsw=
55,50,vHxgRLeYtJaOO4yeao8Mly1jza0=,3Ddef1aLSidg+VBIUff+NfdMpsw=
57,48,vHxgRLeYtJaOO4yeao8Mly1jza0=,zZSxvAoRGV8w6ymKsDYN3oimrDM=
49,53,UnvuMBkk1Id2Ng4ketEIdenOuVw=,3Ddef1aLSidg+VBIUff+NfdMpsw=
50,53,UnvuMBkk1Id2Ng4ketEIdenOuVw=,3Ddef1aLSidg+VBIUff+NfdMpsw=
51,53,UnvuMBkk1Id2Ng4ketEIdenOuVw=,3Ddef1aLSidg+VBIUff+NfdMpsw=
55,49,UnvuMBkk1Id2Ng4ketEIdenOuVw=,3Ddef1aLSidg+VBIUff+NfdMpsw=
51,57,UnvuMBkk1Id2Ng4ketEIdenOuVw=,TLM7geRku61n6RhLHURAF0+uOTM=
48,57,UnvuMBkk1Id2Ng4ketEIdenOuVw=,TLM7geRku61n6RhLHURAF0+uOTM=
49,57,UnvuMBkk1Id2Ng4ketEIdenOuVw=,TLM7geRku61n6RhLHURAF0+uOTM=
49,58,UnvuMBkk1Id2Ng4ketEIdenOuVw=,TLM7geRku61n6RhLHURAF0+uOTM=
49,55,UnvuMBkk1Id2Ng4ketEIdenOuVw=,3Ddef1aLSidg+VBIUff+NfdMpsw=
50,57,UnvuMBkk1Id2Ng4ketEIdenOuVw=,TLM7geRku61n6RhLHURAF0+uOTM=
49,56,UnvuMBkk1Id2Ng4ketEIdenOuVw=,TLM7geRku61n6RhLHURAF0+uOTM=
50,58,UnvuMBkk1Id2Ng4ketEIdenOuVw=,TLM7geRku61n6RhLHURAF0+uOTM=
51,56,UnvuMBkk1Id2Ng4ketEIdenOuVw=,TLM7geRku61n6RhLHURAF0+uOTM=
51,58,UnvuMBkk1Id2Ng4ketEIdenOuVw=,TLM7geRku61n6RhLHURAF0+uOTM=
49,59,UnvuMBkk1Id2Ng4ketEIdenOuVw=,TLM7geRku61n6RhLHURAF0+uOTM=
51,59,UnvuMBkk1Id2Ng4ketEIdenOuVw=,TLM7geRku61n6RhLHURAF0+uOTM=
50,56,UnvuMBkk1Id2Ng4ketEIdenOuVw=,TLM7geRku61n6RhLHURAF0+uOTM=
50,55,UnvuMBkk1Id2Ng4ketEIdenOuVw=,3Ddef1aLSidg+VBIUff+NfdMpsw=
51,55,UnvuMBkk1Id2Ng4ketEIdenOuVw=,3Ddef1aLSidg+VBIUff+NfdMpsw=
50,59,UnvuMBkk1Id2Ng4ketEIdenOuVw=,TLM7geRku61n6RhLHURAF0+uOTM=
61,49,UnvuMBkk1Id2Ng4ketEIdenOuVw=,zZSxvAoRGV8w6ymKsDYN3oimrDM=
63,48,UnvuMBkk1Id2Ng4ketEIdenOuVw=,zZSxvAoRGV8w6ymKsDYN3oimrDM=
62,50,UnvuMBkk1Id2Ng4ketEIdenOuVw=,zZSxvAoRGV8w6ymKsDYN3oimrDM=
62,49,UnvuMBkk1Id2Ng4ketEIdenOuVw=,zZSxvAoRGV8w6ymKsDYN3oimrDM=
60,51,UnvuMBkk1Id2Ng4ketEIdenOuVw=,zZSxvAoRGV8w6ymKsDYN3oimrDM=
61,51,UnvuMBkk1Id2Ng4ketEIdenOuVw=,zZSxvAoRGV8w6ymKsDYN3oimrDM=
60,50,UnvuMBkk1Id2Ng4ketEIdenOuVw=,zZSxvAoRGV8w6ymKsDYN3oimrDM=
63,49,UnvuMBkk1Id2Ng4ketEIdenOuVw=,zZSxvAoRGV8w6ymKsDYN3oimrDM=
61,50,UnvuMBkk1Id2Ng4ketEIdenOuVw=,zZSxvAoRGV8w6ymKsDYN3oimrDM=
63,50,UnvuMBkk1Id2Ng4ketEIdenOuVw=,zZSxvAoRGV8w6ymKsDYN3oimrDM=
60,49,UnvuMBkk1Id2Ng4ketEIdenOuVw=,zZSxvAoRGV8w6ymKsDYN3oimrDM=
62,51,UnvuMBkk1Id2Ng4ketEIdenOuVw=,zZSxvAoRGV8w6ymKsDYN3oimrDM=
60,48,UnvuMBkk1Id2Ng4ketEIdenOuVw=,zZSxvAoRGV8w6ymKsDYN3oimrDM=
62,48,UnvuMBkk1Id2Ng4ketEIdenOuVw=,zZSxvAoRGV8w6ymKsDYN3oimrDM=
63,51,UnvuMBkk1Id2Ng4ketEIdenOuVw=,zZSxvAoRGV8w6ymKsDYN3oimrDM=
61,48,UnvuMBkk1Id2Ng4ketEIdenOuVw=,zZSxvAoRGV8w6ymKsDYN3oimrDM=
60,54,UnvuMBkk1Id2Ng4ketEIdenOuVw=,zZSxvAoRGV8w6ymKsDYN3oimrDM=
60,57,UnvuMBkk1Id2Ng4ketEIdenOuVw=,XBebL62Y8YrkF2ABKH3cQN6eEp8=
61,54,r36pmKSmvWBFS2Ez1BVyilxZ2eM=,zZSxvAoRGV8w6ymKsDYN3oimrDM=
63,55,r36pmKSmvWBFS2Ez1BVyilxZ2eM=,zZSxvAoRGV8w6ymKsDYN3oimrDM=
61,57,r36pmKSmvWBFS2Ez1BVyilxZ2eM=,XBebL62Y8YrkF2ABKH3cQN6eEp8=
62,54,r36pmKSmvWBFS2Ez1BVyilxZ2eM=,zZSxvAoRGV8w6ymKsDYN3oimrDM=
60,58,r36pmKSmvWBFS2Ez1BVyilxZ2eM=,XBebL62Y8YrkF2ABKH3cQN6eEp8=
61,59,r36pmKSmvWBFS2Ez1BVyilxZ2eM=,XBebL62Y8YrkF2ABKH3cQN6eEp8=
60,56,r36pmKSmvWBFS2Ez1BVyilxZ2eM=,XBebL62Y8YrkF2ABKH3cQN6eEp8=
63,62,r36pmKSmvWBFS2Ez1BVyilxZ2eM=,XBebL62Y8YrkF2ABKH3cQN6eEp8=
61,56,r36pmKSmvWBFS2Ez1BVyilxZ2eM=,XBebL62Y8YrkF2ABKH3cQN6eEp8=
61,58,r36pmKSmvWBFS2Ez1BVyilxZ2eM=,XBebL62Y8YrkF2ABKH3cQN6eEp8=
62,58,r36pmKSmvWBFS2Ez1BVyilxZ2eM=,XBebL62Y8YrkF2ABKH3cQN6eEp8=
60,59,r36pmKSmvWBFS2Ez1BVyilxZ2eM=,XBebL62Y8YrkF2ABKH3cQN6eEp8=
62,57,r36pmKSmvWBFS2Ez1BVyilxZ2eM=,XBebL62Y8YrkF2ABKH3cQN6eEp8=
62,59,r36pmKSmvWBFS2Ez1BVyilxZ2eM=,XBebL62Y8YrkF2ABKH3cQN6eEp8=
62,56,r36pmKSmvWBFS2Ez1BVyilxZ2eM=,XBebL62Y8YrkF2ABKH3cQN6eEp8=
60,60,r36pmKSmvWBFS2Ez1BVyilxZ2eM=,XBebL62Y8YrkF2ABKH3cQN6eEp8=
61,60,r36pmKSmvWBFS2Ez1BVyilxZ2eM=,XBebL62Y8YrkF2ABKH3cQN6eEp8=
62,60,r36pmKSmvWBFS2Ez1BVyilxZ2eM=,XBebL62Y8YrkF2ABKH3cQN6eEp8=
63,54,r36pmKSmvWBFS2Ez1BVyilxZ2eM=,zZSxvAoRGV8w6ymKsDYN3oimrDM=
62,55,r36pmKSmvWBFS2Ez1BVyilxZ2eM=,zZSxvAoRGV8w6ymKsDYN3oimrDM=
61,52,r36pmKSmvWBFS2Ez1BVyilxZ2eM=,zZSxvAoRGV8w6ymKsDYN3oimrDM=
60,61,r36pmKSmvWBFS2Ez1BVyilxZ2eM=,XBebL62Y8YrkF2ABKH3cQN6eEp8=
62,52,r36pmKSmvWBFS2Ez1BVyilxZ2eM=,zZSxvAoRGV8w6ymKsDYN3oimrDM=
60,52,r36pmKSmvWBFS2Ez1BVyilxZ2eM=,zZSxvAoRGV8w6ymKsDYN3oimrDM=
62,61,r36pmKSmvWBFS2Ez1BVyilxZ2eM=,XBebL62Y8YrkF2ABKH3cQN6eEp8=
61,62,r36pmKSmvWBFS2Ez1BVyilxZ2eM=,XBebL62Y8YrkF2ABKH3cQN6eEp8=
60,62,r36pmKSmvWBFS2Ez1BVyilxZ2eM=,XBebL62Y8YrkF2ABKH3cQN6eEp8=
61,63,r36pmKSmvWBFS2Ez1BVyilxZ2eM=,XBebL62Y8YrkF2ABKH3cQN6eEp8=
63,63,r36pmKSmvWBFS2Ez1BVyilxZ2eM=,XBebL62Y8YrkF2ABKH3cQN6eEp8=
61,61,r36pmKSmvWBFS2Ez1BVyilxZ2eM=,XBebL62Y8YrkF2ABKH3cQN6eEp8=
63,57,r36pmKSmvWBFS2Ez1BVyilxZ2eM=,XBebL62Y8YrkF2ABKH3cQN6eEp8=
60,63,r36pmKSmvWBFS2Ez1BVyilxZ2eM=,XBebL62Y8YrkF2ABKH3cQN6eEp8=
63,60,r36pmKSmvWBFS2Ez1BVyilxZ2eM=,XBebL62Y8YrkF2ABKH3cQN6eEp8=
63,59,r36pmKSmvWBFS2Ez1BVyilxZ2eM=,XBebL62Y8YrkF2ABKH3cQN6eEp8=
63,58,r36pmKSmvWBFS2Ez1BVyilxZ2eM=,XBebL62Y8YrkF2ABKH3cQN6eEp8=
62,62,r36pmKSmvWBFS2Ez1BVyilxZ2eM=,XBebL62Y8YrkF2ABKH3cQN6eEp8=
62,63,r36pmKSmvWBFS2Ez1BVyilxZ2eM=,XBebL62Y8YrkF2ABKH3cQN6eEp8=
61,55,r36pmKSmvWBFS2Ez1BVyilxZ2eM=,zZSxvAoRGV8w6ymKsDYN3oimrDM=
63,56,r36pmKSmvWBFS2Ez1BVyilxZ2eM=,XBebL62Y8YrkF2ABKH3cQN6eEp8=
63,61,r36pmKSmvWBFS2Ez1BVyilxZ2eM=,XBebL62Y8YrkF2ABKH3cQN6eEp8=
60,53,r36pmKSmvWBFS2Ez1BVyilxZ2eM=,zZSxvAoRGV8w6ymKsDYN3oimrDM=
63,52,r36pmKSmvWBFS2Ez1BVyilxZ2eM=,zZSxvAoRGV8w6ymKsDYN3oimrDM=
62,53,r36pmKSmvWBFS2Ez1BVyilxZ2eM=,zZSxvAoRGV8w6ymKsDYN3oimrDM=
61,53,r36pmKSmvWBFS2Ez1BVyilxZ2eM=,zZSxvAoRGV8w6ymKsDYN3oimrDM=
60,55,r36pmKSmvWBFS2Ez1BVyilxZ2eM=,zZSxvAoRGV8w6ymKsDYN3oimrDM=
63,53,r36pmKSmvWBFS2Ez1BVyilxZ2eM=,zZSxvAoRGV8w6ymKsDYN3oimrDM=
53,36,aeglcVD7HJWUED72pLT22jgXYUU=,XBebL62Y8YrkF2ABKH3cQN6eEp8=
55,39,aeglcVD7HJWUED72pLT22jgXYUU=,XBebL62Y8YrkF2ABKH3cQN6eEp8=
56,41,aeglcVD7HJWUED72pLT22jgXYUU=,otIX3K4bVQnJ+F2WJ/k0L9vMY3E=
53,41,aeglcVD7HJWUED72pLT22jgXYUU=,32mmtMhP3ZoiuCLN7K6J2wFT8PU=
52,41,aeglcVD7HJWUED72pLT22jgXYUU=,32mmtMhP3ZoiuCLN7K6J2wFT8PU=
57,36,aeglcVD7HJWUED72pLT22jgXYUU=,5f6Yqq2XVidtpU3gfrACLFM5LyA=
59,39,aeglcVD7HJWUED72pLT22jgXYUU=,5f6Yqq2XVidtpU3gfrACLFM5LyA=
54,41,aeglcVD7HJWUED72pLT22jgXYUU=,32mmtMhP3ZoiuCLN7K6J2wFT8PU=
58,36,aeglcVD7HJWUED72pLT22jgXYUU=,5f6Yqq2XVidtpU3gfrACLFM5LyA=
54,39,aeglcVD7HJWUED72pLT22jgXYUU=,XBebL62Y8YrkF2ABKH3cQN6eEp8=
57,37,aeglcVD7HJWUED72pLT22jgXYUU=,5f6Yqq2XVidtpU3gfrACLFM5LyA=
52,42,aeglcVD7HJWUED72pLT22jgXYUU=,32mmtMhP3ZoiuCLN7K6J2wFT8PU=
53,42,aeglcVD7HJWUED72pLT22jgXYUU=,32mmtMhP3ZoiuCLN7K6J2wFT8PU=
57,38,aeglcVD7HJWUED72pLT22jgXYUU=,5f6Yqq2XVidtpU3gfrACLFM5LyA=
59,36,0Oi/P9fdnmPIQ4R0HYMuLmnBF8o=,5f6Yqq2XVidtpU3gfrACLFM5LyA=
59,37,0Oi/P9fdnmPIQ4R0HYMuLmnBF8o=,5f6Yqq2XVidtpU3gfrACLFM5LyA=
54,42,0Oi/P9fdnmPIQ4R0HYMuLmnBF8o=,32mmtMhP3ZoiuCLN7K6J2wFT8PU=
56,39,0Oi/P9fdnmPIQ4R0HYMuLmnBF8o=,5f6Yqq2XVidtpU3gfrACLFM5LyA=
58,37,0Oi/P9fdnmPIQ4R0HYMuLmnBF8o=,5f6Yqq2XVidtpU3gfrACLFM5LyA=
58,38,0Oi/P9fdnmPIQ4R0HYMuLmnBF8o=,5f6Yqq2XVidtpU3gfrACLFM5LyA=
54,43,0Oi/P9fdnmPIQ4R0HYMuLmnBF8o=,32mmtMhP3ZoiuCLN7K6J2wFT8PU=
56,38,0Oi/P9fdnmPIQ4R0HYMuLmnBF8o=,5f6Yqq2XVidtpU3gfrACLFM5LyA=
56,36,0Oi/P9fdnmPIQ4R0HYMuLmnBF8o=,5f6Yqq2XVidtpU3gfrACLFM5LyA=
57,39,0Oi/P9fdnmPIQ4R0HYMuLmnBF8o=,5f6Yqq2XVidtpU3gfrACLFM5LyA=
52,43,0Oi/P9fdnmPIQ4R0HYMuLmnBF8o=,32mmtMhP3ZoiuCLN7K6J2wFT8PU=
53,43,0Oi/P9fdnmPIQ4R0HYMuLmnBF8o=,32mmtMhP3ZoiuCLN7K6J2wFT8PU=
53,40,0Oi/P9fdnmPIQ4R0HYMuLmnBF8o=,32mmtMhP3ZoiuCLN7K6J2wFT8PU=
59,38,0Oi/P9fdnmPIQ4R0HYMuLmnBF8o=,5f6Yqq2XVidtpU3gfrACLFM5LyA=
54,40,0Oi/P9fdnmPIQ4R0HYMuLmnBF8o=,32mmtMhP3ZoiuCLN7K6J2wFT8PU=
55,41,0Oi/P9fdnmPIQ4R0HYMuLmnBF8o=,32mmtMhP3ZoiuCLN7K6J2wFT8PU=
53,39,0Oi/P9fdnmPIQ4R0HYMuLmnBF8o=,XBebL62Y8YrkF2ABKH3cQN6eEp8=
57,41,0Oi/P9fdnmPIQ4R0HYMuLmnBF8o=,otIX3K4bVQnJ+F2WJ/k0L9vMY3E=
55,42,0Oi/P9fdnmPIQ4R0HYMuLmnBF8o=,32mmtMhP3ZoiuCLN7K6J2wFT8PU=
56,37,0Oi/P9fdnmPIQ4R0HYMuLmnBF8o=,5f6Yqq2XVidtpU3gfrACLFM5LyA=
52,40,0Oi/P9fdnmPIQ4R0HYMuLmnBF8o=,32mmtMhP3ZoiuCLN7K6J2wFT8PU=
56,42,0Oi/P9fdnmPIQ4R0HYMuLmnBF8o=,otIX3K4bVQnJ+F2WJ/k0L9vMY3E=
55,43,0Oi/P9fdnmPIQ4R0HYMuLmnBF8o=,32mmtMhP3ZoiuCLN7K6J2wFT8PU=
58,39,0Oi/P9fdnmPIQ4R0HYMuLmnBF8o=,5f6Yqq2XVidtpU3gfrACLFM5LyA=
58,42,0Oi/P9fdnmPIQ4R0HYMuLmnBF8o=,otIX3K4bVQnJ+F2WJ/k0L9vMY3E=
57,42,0Oi/P9fdnmPIQ4R0HYMuLmnBF8o=,otIX3K4bVQnJ+F2WJ/k0L9vMY3E=
59,42,0Oi/P9fdnmPIQ4R0HYMuLmnBF8o=,otIX3K4bVQnJ+F2WJ/k0L9vMY3E=
59,43,0Oi/P9fdnmPIQ4R0HYMuLmnBF8o=,otIX3K4bVQnJ+F2WJ/k0L9vMY3E=
58,43,0Oi/P9fdnmPIQ4R0HYMuLmnBF8o=,otIX3K4bVQnJ+F2WJ/k0L9vMY3E=
56,43,0Oi/P9fdnmPIQ4R0HYMuLmnBF8o=,otIX3K4bVQnJ+F2WJ/k0L9vMY3E=
56,40,0Oi/P9fdnmPIQ4R0HYMuLmnBF8o=,otIX3K4bVQnJ+F2WJ/k0L9vMY3E=
55,40,0Oi/P9fdnmPIQ4R0HYMuLmnBF8o=,32mmtMhP3ZoiuCLN7K6J2wFT8PU=
58,41,0Oi/P9fdnmPIQ4R0HYMuLmnBF8o=,otIX3K4bVQnJ+F2WJ/k0L9vMY3E=
57,40,0Oi/P9fdnmPIQ4R0HYMuLmnBF8o=,otIX3K4bVQnJ+F2WJ/k0L9vMY3E=
57,43,0Oi/P9fdnmPIQ4R0HYMuLmnBF8o=,otIX3K4bVQnJ+F2WJ/k0L9vMY3E=
59,40,0Oi/P9fdnmPIQ4R0HYMuLmnBF8o=,otIX3K4bVQnJ+F2WJ/k0L9vMY3E=
59,41,0Oi/P9fdnmPIQ4R0HYMuLmnBF8o=,otIX3K4bVQnJ+F2WJ/k0L9vMY3E=
58,40,0Oi/P9fdnmPIQ4R0HYMuLmnBF8o=,otIX3K4bVQnJ+F2WJ/k0L9vMY3E=
52,39,0Oi/P9fdnmPIQ4R0HYMuLmnBF8o=,XBebL62Y8YrkF2ABKH3cQN6eEp8=
54,37,0Oi/P9fdnmPIQ4R0HYMuLmnBF8o=,XBebL62Y8YrkF2ABKH3cQN6eEp8=
54,36,0Oi/P9fdnmPIQ4R0HYMuLmnBF8o=,XBebL62Y8YrkF2ABKH3cQN6eEp8=
55,36,0Oi/P9fdnmPIQ4R0HYMuLmnBF8o=,XBebL62Y8YrkF2ABKH3cQN6eEp8=
63,39,0Oi/P9fdnmPIQ4R0HYMuLmnBF8o=,5f6Yqq2XVidtpU3gfrACLFM5LyA=
55,38,0Oi/P9fdnmPIQ4R0HYMuLmnBF8o=,XBebL62Y8YrkF2ABKH3cQN6eEp8=
63,40,0Oi/P9fdnmPIQ4R0HYMuLmnBF8o=,otIX3K4bVQnJ+F2WJ/k0L9vMY3E=
60,41,0Oi/P9fdnmPIQ4R0HYMuLmnBF8o=,otIX3K4bVQnJ+F2WJ/k0L9vMY3E=
60,38,0Oi/P9fdnmPIQ4R0HYMuLmnBF8o=,5f6Yqq2XVidtpU3gfrACLFM5LyA=
52,36,0Oi/P9fdnmPIQ4R0HYMuLmnBF8o=,XBebL62Y8YrkF2ABKH3cQN6eEp8=
62,41,0Oi/P9fdnmPIQ4R0HYMuLmnBF8o=,otIX3K4bVQnJ+F2WJ/k0L9vMY3E=
61,41,8eSEW6zRp84x+tsBAP6/0ad4WWA=,otIX3K4bVQnJ+F2WJ/k0L9vMY3E=
55,37,8eSEW6zRp84x+tsBAP6/0ad4WWA=,XBebL62Y8YrkF2ABKH3cQN6eEp8=
62,39,8eSEW6zRp84x+tsBAP6/0ad4WWA=,5f6Yqq2XVidtpU3gfrACLFM5LyA=
60,42,8eSEW6zRp84x+tsBAP6/0ad4WWA=,otIX3K4bVQnJ+F2WJ/k0L9vMY3E=
54,38,8eSEW6zRp84x+tsBAP6/0ad4WWA=,XBebL62Y8YrkF2ABKH3cQN6eEp8=
52,38,8eSEW6zRp84x+tsBAP6/0ad4WWA=,XBebL62Y8YrkF2ABKH3cQN6eEp8=
63,43,8eSEW6zRp84x+tsBAP6/0ad4WWA=,otIX3K4bVQnJ+F2WJ/k0L9vMY3E=
52,37,8eSEW6zRp84x+tsBAP6/0ad4WWA=,XBebL62Y8YrkF2ABKH3cQN6eEp8=
61,42,8eSEW6zRp84x+tsBAP6/0ad4WWA=,otIX3K4bVQnJ+F2WJ/k0L9vMY3E=
62,42,8eSEW6zRp84x+tsBAP6/0ad4WWA=,otIX3K4bVQnJ+F2WJ/k0L9vMY3E=
61,39,8eSEW6zRp84x+tsBAP6/0ad4WWA=,5f6Yqq2XVidtpU3gfrACLFM5LyA=
53,38,8eSEW6zRp84x+tsBAP6/0ad4WWA=,XBebL62Y8YrkF2ABKH3cQN6eEp8=
60,43,8eSEW6zRp84x+tsBAP6/0ad4WWA=,otIX3K4bVQnJ+F2WJ/k0L9vMY3E=
53,37,8eSEW6zRp84x+tsBAP6/0ad4WWA=,XBebL62Y8YrkF2ABKH3cQN6eEp8=
61,43,8eSEW6zRp84x+tsBAP6/0ad4WWA=,otIX3K4bVQnJ+F2WJ/k0L9vMY3E=
62,40,8eSEW6zRp84x+tsBAP6/0ad4WWA=,otIX3K4bVQnJ+F2WJ/k0L9vMY3E=
62,43,8eSEW6zRp84x+tsBAP6/0ad4WWA=,otIX3K4bVQnJ+F2WJ/k0L9vMY3E=
60,40,8eSEW6zRp84x+tsBAP6/0ad4WWA=,otIX3K4bVQnJ+F2WJ/k0L9vMY3E=
61,36,8eSEW6zRp84x+tsBAP6/0ad4WWA=,5f6Yqq2XVidtpU3gfrACLFM5LyA=
61,40,8eSEW6zRp84x+tsBAP6/0ad4WWA=,otIX3K4bVQnJ+F2WJ/k0L9vMY3E=
63,42,8eSEW6zRp84x+tsBAP6/0ad4WWA=,otIX3K4bVQnJ+F2WJ/k0L9vMY3E=
63,41,8eSEW6zRp84x+tsBAP6/0ad4WWA=,otIX3K4bVQnJ+F2WJ/k0L9vMY3E=
60,36,8eSEW6zRp84x+tsBAP6/0ad4WWA=,5f6Yqq2XVidtpU3gfrACLFM5LyA=
62,36,8eSEW6zRp84x+tsBAP6/0ad4WWA=,5f6Yqq2XVidtpU3gfrACLFM5LyA=
62,38,8eSEW6zRp84x+tsBAP6/0ad4WWA=,5f6Yqq2XVidtpU3gfrACLFM5LyA=
61,38,8eSEW6zRp84x+tsBAP6/0ad4WWA=,5f6Yqq2XVidtpU3gfrACLFM5LyA=
63,38,8eSEW6zRp84x+tsBAP6/0ad4WWA=,5f6Yqq2XVidtpU3gfrACLFM5LyA=
61,37,8eSEW6zRp84x+tsBAP6/0ad4WWA=,5f6Yqq2XVidtpU3gfrACLFM5LyA=
60,39,8eSEW6zRp84x+tsBAP6/0ad4WWA=,5f6Yqq2XVidtpU3gfrACLFM5LyA=
62,37,8eSEW6zRp84x+tsBAP6/0ad4WWA=,5f6Yqq2XVidtpU3gfrACLFM5LyA=
63,36,8eSEW6zRp84x+tsBAP6/0ad4WWA=,5f6Yqq2XVidtpU3gfrACLFM5LyA=
60,37,8eSEW6zRp84x+tsBAP6/0ad4WWA=,5f6Yqq2XVidtpU3gfrACLFM5LyA=
63,37,8eSEW6zRp84x+tsBAP6/0ad4WWA=,5f6Yqq2XVidtpU3gfrACLFM5LyA=
61,44,8eSEW6zRp84x+tsBAP6/0ad4WWA=,otIX3K4bVQnJ+F2WJ/k0L9vMY3E=
62,46,8eSEW6zRp84x+tsBAP6/0ad4WWA=,otIX3K4bVQnJ+F2WJ/k0L9vMY3E=
63,47,8eSEW6zRp84x+tsBAP6/0ad4WWA=,otIX3K4bVQnJ+F2WJ/k0L9vMY3E=
62,44,8eSEW6zRp84x+tsBAP6/0ad4WWA=,otIX3K4bVQnJ+F2WJ/k0L9vMY3E=
60,44,8eSEW6zRp84x+tsBAP6/0ad4WWA=,otIX3K4bVQnJ+F2WJ/k0L9vMY3E=
61,46,8eSEW6zRp84x+tsBAP6/0ad4WWA=,otIX3K4bVQnJ+F2WJ/k0L9vMY3E=
60,47,8eSEW6zRp84x+tsBAP6/0ad4WWA=,otIX3K4bVQnJ+F2WJ/k0L9vMY3E=
60,46,8eSEW6zRp84x+tsBAP6/0ad4WWA=,otIX3K4bVQnJ+F2WJ/k0L9vMY3E=
60,45,8eSEW6zRp84x+tsBAP6/0ad4WWA=,otIX3K4bVQnJ+F2WJ/k0L9vMY3E=
61,45,8eSEW6zRp84x+tsBAP6/0ad4WWA=,otIX3K4bVQnJ+F2WJ/k0L9vMY3E=
61,47,8eSEW6zRp84x+tsBAP6/0ad4WWA=,otIX3K4bVQnJ+F2WJ/k0L9vMY3E=
63,44,8eSEW6zRp84x+tsBAP6/0ad4WWA=,otIX3K4bVQnJ+F2WJ/k0L9vMY3E=
63,45,8eSEW6zRp84x+tsBAP6/0ad4WWA=,otIX3K4bVQnJ+F2WJ/k0L9vMY3E=
62,45,8eSEW6zRp84x+tsBAP6/0ad4WWA=,otIX3K4bVQnJ+F2WJ/k0L9vMY3E=
62,47,8eSEW6zRp84x+tsBAP6/0ad4WWA=,otIX3K4bVQnJ+F2WJ/k0L9vMY3E=
63,46,8eSEW6zRp84x+tsBAP6/0ad4WWA=,otIX3K4bVQnJ+F2WJ/k0L9vMY3E=
55,47,8eSEW6zRp84x+tsBAP6/0ad4WWA=,32mmtMhP3ZoiuCLN7K6J2wFT8PU=
53,45,8eSEW6zRp84x+tsBAP6/0ad4WWA=,32mmtMhP3ZoiuCLN7K6J2wFT8PU=
52,46,8eSEW6zRp84x+tsBAP6/0ad4WWA=,32mmtMhP3ZoiuCLN7K6J2wFT8PU=
53,46,8eSEW6zRp84x+tsBAP6/0ad4WWA=,32mmtMhP3ZoiuCLN7K6J2wFT8PU=
54,46,8eSEW6zRp84x+tsBAP6/0ad4WWA=,32mmtMhP3ZoiuCLN7K6J2wFT8PU=
54,44,8eSEW6zRp84x+tsBAP6/0ad4WWA=,32mmtMhP3ZoiuCLN7K6J2wFT8PU=
54,45,8eSEW6zRp84x+tsBAP6/0ad4WWA=,32mmtMhP3ZoiuCLN7K6J2wFT8PU=
55,46,8eSEW6zRp84x+tsBAP6/0ad4WWA=,32mmtMhP3ZoiuCLN7K6J2wFT8PU=
55,44,8eSEW6zRp84x+tsBAP6/0ad4WWA=,32mmtMhP3ZoiuCLN7K6J2wFT8PU=
53,44,8eSEW6zRp84x+tsBAP6/0ad4WWA=,32mmtMhP3ZoiuCLN7K6J2wFT8PU=
55,45,8eSEW6zRp84x+tsBAP6/0ad4WWA=,32mmtMhP3ZoiuCLN7K6J2wFT8PU=
56,47,8eSEW6zRp84x+tsBAP6/0ad4WWA=,otIX3K4bVQnJ+F2WJ/k0L9vMY3E=
52,45,8eSEW6zRp84x+tsBAP6/0ad4WWA=,32mmtMhP3ZoiuCLN7K6J2wFT8PU=
52,44,8eSEW6zRp84x+tsBAP6/0ad4WWA=,32mmtMhP3ZoiuCLN7K6J2wFT8PU=
54,47,8eSEW6zRp84x+tsBAP6/0ad4WWA=,32mmtMhP3ZoiuCLN7K6J2wFT8PU=
56,44,8eSEW6zRp84x+tsBAP6/0ad4WWA=,otIX3K4bVQnJ+F2WJ/k0L9vMY3E=
57,44,8eSEW6zRp84x+tsBAP6/0ad4WWA=,otIX3K4bVQnJ+F2WJ/k0L9vMY3E=
58,44,8eSEW6zRp84x+tsBAP6/0ad4WWA=,otIX3K4bVQnJ+F2WJ/k0L9vMY3E=
53,47,8eSEW6zRp84x+tsBAP6/0ad4WWA=,32mmtMhP3ZoiuCLN7K6J2wFT8PU=
59,44,8eSEW6zRp84x+tsBAP6/0ad4WWA=,otIX3K4bVQnJ+F2WJ/k0L9vMY3E=
52,47,8eSEW6zRp84x+tsBAP6/0ad4WWA=,32mmtMhP3ZoiuCLN7K6J2wFT8PU=
56,45,v1QM0jclVmiIfxp9ApUOFqQi8Lw=,otIX3K4bVQnJ+F2WJ/k0L9vMY3E=
57,45,v1QM0jclVmiIfxp9ApUOFqQi8Lw=,otIX3K4bVQnJ+F2WJ/k0L9vMY3E=
58,45,v1QM0jclVmiIfxp9ApUOFqQi8Lw=,otIX3K4bVQnJ+F2WJ/k0L9vMY3E=
59,45,v1QM0jclVmiIfxp9ApUOFqQi8Lw=,otIX3K4bVQnJ+F2WJ/k0L9vMY3E=
58,46,v1QM0jclVmiIfxp9ApUOFqQi8Lw=,otIX3K4bVQnJ+F2WJ/k0L9vMY3E=
59,46,v1QM0jclVmiIfxp9ApUOFqQi8Lw=,otIX3K4bVQnJ+F2WJ/k0L9vMY3E=
57,46,v1QM0jclVmiIfxp9ApUOFqQi8Lw=,otIX3K4bVQnJ+F2WJ/k0L9vMY3E=
56,46,v1QM0jclVmiIfxp9ApUOFqQi8Lw=,otIX3K4bVQnJ+F2WJ/k0L9vMY3E=
57,47,v1QM0jclVmiIfxp9ApUOFqQi8Lw=,otIX3K4bVQnJ+F2WJ/k0L9vMY3E=
58,47,v1QM0jclVmiIfxp9ApUOFqQi8Lw=,otIX3K4bVQnJ+F2WJ/k0L9vMY3E=
59,47,v1QM0jclVmiIfxp9ApUOFqQi8Lw=,otIX3K4bVQnJ+F2WJ/k0L9vMY3E=
48,43,v1QM0jclVmiIfxp9ApUOFqQi8Lw=,32mmtMhP3ZoiuCLN7K6J2wFT8PU=
49,41,v1QM0jclVmiIfxp9ApUOFqQi8Lw=,32mmtMhP3ZoiuCLN7K6J2wFT8PU=
48,38,v1QM0jclVmiIfxp9ApUOFqQi8Lw=,XBebL62Y8YrkF2ABKH3cQN6eEp8=
48,39,v1QM0jclVmiIfxp9ApUOFqQi8Lw=,XBebL62Y8YrkF2ABKH3cQN6eEp8=
50,41,v1QM0jclVmiIfxp9ApUOFqQi8Lw=,32mmtMhP3ZoiuCLN7K6J2wFT8PU=
51,41,v1QM0jclVmiIfxp9ApUOFqQi8Lw=,32mmtMhP3ZoiuCLN7K6J2wFT8PU=
51,37,v1QM0jclVmiIfxp9ApUOFqQi8Lw=,XBebL62Y8YrkF2ABKH3cQN6eEp8=
49,37,v1QM0jclVmiIfxp9ApUOFqQi8Lw=,XBebL62Y8YrkF2ABKH3cQN6eEp8=
50,37,v1QM0jclVmiIfxp9ApUOFqQi8Lw=,XBebL62Y8YrkF2ABKH3cQN6eEp8=
49,36,v1QM0jclVmiIfxp9ApUOFqQi8Lw=,XBebL62Y8YrkF2ABKH3cQN6eEp8=
49,38,v1QM0jclVmiIfxp9ApUOFqQi8Lw=,XBebL62Y8YrkF2ABKH3cQN6eEp8=
50,36,v1QM0jclVmiIfxp9ApUOFqQi8Lw=,XBebL62Y8YrkF2ABKH3cQN6eEp8=
50,38,v1QM0jclVmiIfxp9ApUOFqQi8Lw=,XBebL62Y8YrkF2ABKH3cQN6eEp8=
51,38,v1QM0jclVmiIfxp9ApUOFqQi8Lw=,XBebL62Y8YrkF2ABKH3cQN6eEp8=
48,42,v1QM0jclVmiIfxp9ApUOFqQi8Lw=,32mmtMhP3ZoiuCLN7K6J2wFT8PU=
49,42,v1QM0jclVmiIfxp9ApUOFqQi8Lw=,32mmtMhP3ZoiuCLN7K6J2wFT8PU=
51,42,v1QM0jclVmiIfxp9ApUOFqQi8Lw=,32mmtMhP3ZoiuCLN7K6J2wFT8PU=
48,36,v1QM0jclVmiIfxp9ApUOFqQi8Lw=,XBebL62Y8YrkF2ABKH3cQN6eEp8=
50,42,v1QM0jclVmiIfxp9ApUOFqQi8Lw=,32mmtMhP3ZoiuCLN7K6J2wFT8PU=
51,36,v1QM0jclVmiIfxp9ApUOFqQi8Lw=,XBebL62Y8YrkF2ABKH3cQN6eEp8=
49,43,v1QM0jclVmiIfxp9ApUOFqQi8Lw=,32mmtMhP3ZoiuCLN7K6J2wFT8PU=
49,39,v1QM0jclVmiIfxp9ApUOFqQi8Lw=,XBebL62Y8YrkF2ABKH3cQN6eEp8=
51,43,v1QM0jclVmiIfxp9ApUOFqQi8Lw=,32mmtMhP3ZoiuCLN7K6J2wFT8PU=
48,41,v1QM0jclVmiIfxp9ApUOFqQi8Lw=,32mmtMhP3ZoiuCLN7K6J2wFT8PU=
50,39,v1QM0jclVmiIfxp9ApUOFqQi8Lw=,XBebL62Y8YrkF2ABKH3cQN6eEp8=
50,43,v1QM0jclVmiIfxp9ApUOFqQi8Lw=,32mmtMhP3ZoiuCLN7K6J2wFT8PU=
49,40,v1QM0jclVmiIfxp9ApUOFqQi8Lw=,32mmtMhP3ZoiuCLN7K6J2wFT8PU=
51,40,v1QM0jclVmiIfxp9ApUOFqQi8Lw=,32mmtMhP3ZoiuCLN7K6J2wFT8PU=
48,40,v1QM0jclVmiIfxp9ApUOFqQi8Lw=,32mmtMhP3ZoiuCLN7K6J2wFT8PU=
50,40,v1QM0jclVmiIfxp9ApUOFqQi8Lw=,32mmtMhP3ZoiuCLN7K6J2wFT8PU=
51,39,v1QM0jclVmiIfxp9ApUOFqQi8Lw=,XBebL62Y8YrkF2ABKH3cQN6eEp8=
48,47,v1QM0jclVmiIfxp9ApUOFqQi8Lw=,32mmtMhP3ZoiuCLN7K6J2wFT8PU=
48,37,v1QM0jclVmiIfxp9ApUOFqQi8Lw=,XBebL62Y8YrkF2ABKH3cQN6eEp8=
49,44,v1QM0jclVmiIfxp9ApUOFqQi8Lw=,32mmtMhP3ZoiuCLN7K6J2wFT8PU=
51,44,lkQfzSiDsVQQ7XIXDpiiW46oDxI=,32mmtMhP3ZoiuCLN7K6J2wFT8PU=
50,44,lkQfzSiDsVQQ7XIXDpiiW46oDxI=,32mmtMhP3ZoiuCLN7K6J2wFT8PU=
50,45,lkQfzSiDsVQQ7XIXDpiiW46oDxI=,32mmtMhP3ZoiuCLN7K6J2wFT8PU=
48,46,lkQfzSiDsVQQ7XIXDpiiW46oDxI=,32mmtMhP3ZoiuCLN7K6J2wFT8PU=
49,45,lkQfzSiDsVQQ7XIXDpiiW46oDxI=,32mmtMhP3ZoiuCLN7K6J2wFT8PU=
51,45,lkQfzSiDsVQQ7XIXDpiiW46oDxI=,32mmtMhP3ZoiuCLN7K6J2wFT8PU=
51,46,lkQfzSiDsVQQ7XIXDpiiW46oDxI=,32mmtMhP3ZoiuCLN7K6J2wFT8PU=
52,32,lkQfzSiDsVQQ7XIXDpiiW46oDxI=,XBebL62Y8YrkF2ABKH3cQN6eEp8=
49,46,lkQfzSiDsVQQ7XIXDpiiW46oDxI=,32mmtMhP3ZoiuCLN7K6J2wFT8PU=
50,46,lkQfzSiDsVQQ7XIXDpiiW46oDxI=,32mmtMhP3ZoiuCLN7K6J2wFT8PU=
51,47,lkQfzSiDsVQQ7XIXDpiiW46oDxI=,32mmtMhP3ZoiuCLN7K6J2wFT8PU=
48,45,lkQfzSiDsVQQ7XIXDpiiW46oDxI=,32mmtMhP3ZoiuCLN7K6J2wFT8PU=
49,47,lkQfzSiDsVQQ7XIXDpiiW46oDxI=,32mmtMhP3ZoiuCLN7K6J2wFT8PU=
50,47,lkQfzSiDsVQQ7XIXDpiiW46oDxI=,32mmtMhP3ZoiuCLN7K6J2wFT8PU=
55,32,lkQfzSiDsVQQ7XIXDpiiW46oDxI=,XBebL62Y8YrkF2ABKH3cQN6eEp8=
53,32,lkQfzSiDsVQQ7XIXDpiiW46oDxI=,XBebL62Y8YrkF2ABKH3cQN6eEp8=
48,44,lkQfzSiDsVQQ7XIXDpiiW46oDxI=,32mmtMhP3ZoiuCLN7K6J2wFT8PU=
54,32,lkQfzSiDsVQQ7XIXDpiiW46oDxI=,XBebL62Y8YrkF2ABKH3cQN6eEp8=
56,32,lkQfzSiDsVQQ7XIXDpiiW46oDxI=,5f6Yqq2XVidtpU3gfrACLFM5LyA=
57,33,lkQfzSiDsVQQ7XIXDpiiW46oDxI=,5f6Yqq2XVidtpU3gfrACLFM5LyA=
59,33,lkQfzSiDsVQQ7XIXDpiiW46oDxI=,5f6Yqq2XVidtpU3gfrACLFM5LyA=
53,35,lkQfzSiDsVQQ7XIXDpiiW46oDxI=,XBebL62Y8YrkF2ABKH3cQN6eEp8=
58,33,lkQfzSiDsVQQ7XIXDpiiW46oDxI=,5f6Yqq2XVidtpU3gfrACLFM5LyA=
52,35,lkQfzSiDsVQQ7XIXDpiiW46oDxI=,XBebL62Y8YrkF2ABKH3cQN6eEp8=
57,34,lkQfzSiDsVQQ7XIXDpiiW46oDxI=,5f6Yqq2XVidtpU3gfrACLFM5LyA=
57,35,lkQfzSiDsVQQ7XIXDpiiW46oDxI=,5f6Yqq2XVidtpU3gfrACLFM5LyA=
59,34,lkQfzSiDsVQQ7XIXDpiiW46oDxI=,5f6Yqq2XVidtpU3gfrACLFM5LyA=
53,34,lkQfzSiDsVQQ7XIXDpiiW46oDxI=,XBebL62Y8YrkF2ABKH3cQN6eEp8=
52,34,lkQfzSiDsVQQ7XIXDpiiW46oDxI=,XBebL62Y8YrkF2ABKH3cQN6eEp8=
58,34,lkQfzSiDsVQQ7XIXDpiiW46oDxI=,5f6Yqq2XVidtpU3gfrACLFM5LyA=
59,35,lkQfzSiDsVQQ7XIXDpiiW46oDxI=,5f6Yqq2XVidtpU3gfrACLFM5LyA=
58,35,lkQfzSiDsVQQ7XIXDpiiW46oDxI=,5f6Yqq2XVidtpU3gfrACLFM5LyA=
54,34,lkQfzSiDsVQQ7XIXDpiiW46oDxI=,XBebL62Y8YrkF2ABKH3cQN6eEp8=
54,35,lkQfzSiDsVQQ7XIXDpiiW46oDxI=,XBebL62Y8YrkF2ABKH3cQN6eEp8=
54,33,lkQfzSiDsVQQ7XIXDpiiW46oDxI=,XBebL62Y8YrkF2ABKH3cQN6eEp8=
55,35,lkQfzSiDsVQQ7XIXDpiiW46oDxI=,XBebL62Y8YrkF2ABKH3cQN6eEp8=
56,33,lkQfzSiDsVQQ7XIXDpiiW46oDxI=,5f6Yqq2XVidtpU3gfrACLFM5LyA=
55,34,lkQfzSiDsVQQ7XIXDpiiW46oDxI=,XBebL62Y8YrkF2ABKH3cQN6eEp8=
52,33,lkQfzSiDsVQQ7XIXDpiiW46oDxI=,XBebL62Y8YrkF2ABKH3cQN6eEp8=
62,33,lkQfzSiDsVQQ7XIXDpiiW46oDxI=,5f6Yqq2XVidtpU3gfrACLFM5LyA=
60,33,lkQfzSiDsVQQ7XIXDpiiW46oDxI=,5f6Yqq2XVidtpU3gfrACLFM5LyA=
63,32,lkQfzSiDsVQQ7XIXDpiiW46oDxI=,5f6Yqq2XVidtpU3gfrACLFM5LyA=
56,34,lkQfzSiDsVQQ7XIXDpiiW46oDxI=,5f6Yqq2XVidtpU3gfrACLFM5LyA=
61,33,lkQfzSiDsVQQ7XIXDpiiW46oDxI=,5f6Yqq2XVidtpU3gfrACLFM5LyA=
53,33,lkQfzSiDsVQQ7XIXDpiiW46oDxI=,XBebL62Y8YrkF2ABKH3cQN6eEp8=
55,33,lkQfzSiDsVQQ7XIXDpiiW46oDxI=,XBebL62Y8YrkF2ABKH3cQN6eEp8=
56,35,lkQfzSiDsVQQ7XIXDpiiW46oDxI=,5f6Yqq2XVidtpU3gfrACLFM5LyA=
59,32,lkQfzSiDsVQQ7XIXDpiiW46oDxI=,5f6Yqq2XVidtpU3gfrACLFM5LyA=
63,33,lkQfzSiDsVQQ7XIXDpiiW46oDxI=,5f6Yqq2XVidtpU3gfrACLFM5LyA=
62,35,lkQfzSiDsVQQ7XIXDpiiW46oDxI=,5f6Yqq2XVidtpU3gfrACLFM5LyA=
60,34,lkQfzSiDsVQQ7XIXDpiiW46oDxI=,5f6Yqq2XVidtpU3gfrACLFM5LyA=
61,35,lkQfzSiDsVQQ7XIXDpiiW46oDxI=,5f6Yqq2XVidtpU3gfrACLFM5LyA=
60,35,lkQfzSiDsVQQ7XIXDpiiW46oDxI=,5f6Yqq2XVidtpU3gfrACLFM5LyA=
62,34,lkQfzSiDsVQQ7XIXDpiiW46oDxI=,5f6Yqq2XVidtpU3gfrACLFM5LyA=
63,34,lkQfzSiDsVQQ7XIXDpiiW46oDxI=,5f6Yqq2XVidtpU3gfrACLFM5LyA=
63,35,lkQfzSiDsVQQ7XIXDpiiW46oDxI=,5f6Yqq2XVidtpU3gfrACLFM5LyA=
61,34,lkQfzSiDsVQQ7XIXDpiiW46oDxI=,5f6Yqq2XVidtpU3gfrACLFM5LyA=
57,32,lkQfzSiDsVQQ7XIXDpiiW46oDxI=,5f6Yqq2XVidtpU3gfrACLFM5LyA=
58,32,lkQfzSiDsVQQ7XIXDpiiW46oDxI=,5f6Yqq2XVidtpU3gfrACLFM5LyA=
60,32,lkQfzSiDsVQQ7XIXDpiiW46oDxI=,5f6Yqq2XVidtpU3gfrACLFM5LyA=
62,32,lkQfzSiDsVQQ7XIXDpiiW46oDxI=,5f6Yqq2XVidtpU3gfrACLFM5LyA=
61,32,lkQfzSiDsVQQ7XIXDpiiW46oDxI=,5f6Yqq2XVidtpU3gfrACLFM5LyA=
51,34,lkQfzSiDsVQQ7XIXDpiiW46oDxI=,XBebL62Y8YrkF2ABKH3cQN6eEp8=
48,32,lkQfzSiDsVQQ7XIXDpiiW46oDxI=,XBebL62Y8YrkF2ABKH3cQN6eEp8=
50,34,lkQfzSiDsVQQ7XIXDpiiW46oDxI=,XBebL62Y8YrkF2ABKH3cQN6eEp8=
50,35,lkQfzSiDsVQQ7XIXDpiiW46oDxI=,XBebL62Y8YrkF2ABKH3cQN6eEp8=
51,33,lkQfzSiDsVQQ7XIXDpiiW46oDxI=,XBebL62Y8YrkF2ABKH3cQN6eEp8=
51,35,lkQfzSiDsVQQ7XIXDpiiW46oDxI=,XBebL62Y8YrkF2ABKH3cQN6eEp8=
50,32,lkQfzSiDsVQQ7XIXDpiiW46oDxI=,XBebL62Y8YrkF2ABKH3cQN6eEp8=
50,33,lkQfzSiDsVQQ7XIXDpiiW46oDxI=,XBebL62Y8YrkF2ABKH3cQN6eEp8=
49,35,lkQfzSiDsVQQ7XIXDpiiW46oDxI=,XBebL62Y8YrkF2ABKH3cQN6eEp8=
49,34,lkQfzSiDsVQQ7XIXDpiiW46oDxI=,XBebL62Y8YrkF2ABKH3cQN6eEp8=
51,32,lkQfzSiDsVQQ7XIXDpiiW46oDxI=,XBebL62Y8YrkF2ABKH3cQN6eEp8=
48,34,lkQfzSiDsVQQ7XIXDpiiW46oDxI=,XBebL62Y8YrkF2ABKH3cQN6eEp8=
48,35,lkQfzSiDsVQQ7XIXDpiiW46oDxI=,XBebL62Y8YrkF2ABKH3cQN6eEp8=
48,33,lkQfzSiDsVQQ7XIXDpiiW46oDxI=,XBebL62Y8YrkF2ABKH3cQN6eEp8=
49,33,lkQfzSiDsVQQ7XIXDpiiW46oDxI=,XBebL62Y8YrkF2ABKH3cQN6eEp8=
49,32,lkQfzSiDsVQQ7XIXDpiiW46oDxI=,XBebL62Y8YrkF2ABKH3cQN6eEp8=
