0,0,TDm1MUtig6qZRCcwbzVO5YSxHsw=,rEUeYe6SPkgvE/TPig3Or4ImRsk=
0,1,TDm1MUtig6qZRCcwbzVO5YSxHsw=,CAEiChEzPwP1sMXe5kG2Z4tNI18=
0,2,TDm1MUtig6qZRCcwbzVO5YSxHsw=,8Y20xP7d7HB9px0P9P+kTvKwLL0=
0,3,TDm1MUtig6qZRCcwbzVO5YSxHsw=,pJYmErJLz1bfU6LKbPVRpc0aHEY=
0,4,TDm1MUtig6qZRCcwbzVO5YSxHsw=,hdH8pbOuegxg/oIPjwU+k28sRUY=
0,5,TDm1MUtig6qZRCcwbzVO5YSxHsw=,Y5ABW9of3+A4xeyRyVHXvSIdSkQ=
0,6,TDm1MUtig6qZRCcwbzVO5YSxHsw=,VO3yrA/rYmGJBP6d+gM+tynhURk=
0,7,T9nDo5cGIFuzrOb8sD4/Lf+vAmM=,tWOYXElAgWlAot8ITeLNzWgayIs=
0,8,T9nDo5cGIFuzrOb8sD4/Lf+vAmM=,6wq1lIujhKxmHas2VetmWzl1H/8=
0,9,T9nDo5cGIFuzrOb8sD4/Lf+vAmM=,j2eukCM58xA+oPIpWzQJa0gQ0h0=
0,10,T9nDo5cGIFuzrOb8sD4/Lf+vAmM=,FN/WmN7ZKKF8vAuaYt8RX7wLlIw=
0,11,T9nDo5cGIFuzrOb8sD4/Lf+vAmM=,RPygILlNFSRB3GF3bdbTsE3XW/s=
0,12,T9nDo5cGIFuzrOb8sD4/Lf+vAmM=,sfStL0ZXaAtNMXV/cL8xppNAnTc=
0,13,T9nDo5cGIFuzrOb8sD4/Lf+vAmM=,QIBnkYBeq5dqUBTFr3hk9ILuM+0=
0,14,T9nDo5cGIFuzrOb8sD4/Lf+vAmM=,7gTPIrwkDwZJTLvXJ31FEcuXIwc=
1,1,T9nDo5cGIFuzrOb8sD4/Lf+vAmM=,oRMEMcbCnTtGwHPsyuJ4/5OS2Pw=
1,0,T9nDo5cGIFuzrOb8sD4/Lf+vAmM=,P2tD5GCCuPhny92ohC5R9Hei5yc=
1,3,T9nDo5cGIFuzrOb8sD4/Lf+vAmM=,rSfsjtwhb6L21XJijSb1QrkMyZc=
1,2,T9nDo5cGIFuzrOb8sD4/Lf+vAmM=,SHCoJ7RGUfMtqFCgcKOyWRaHzPw=
1,5,T9nDo5cGIFuzrOb8sD4/Lf+vAmM=,+mIrl8HvLv1u1aTnf3ww7cbE5Rs=
1,4,T9nDo5cGIFuzrOb8sD4/Lf+vAmM=,k1YTjPFnot1wnJACd/Xpih8d+uc=
1,7,T9nDo5cGIFuzrOb8sD4/Lf+vAmM=,dNa/Y7AaSa9oX1OfclrxLPFDz7g=
1,6,T9nDo5cGIFuzrOb8sD4/Lf+vAmM=,vcVUcZV5zvwnNnMdxSeOoHrfIDw=
1,9,T9nDo5cGIFuzrOb8sD4/Lf+vAmM=,DAuQtj7YHfIaGmsle52yIP+vzJE=
1,8,T9nDo5cGIFuzrOb8sD4/Lf+vAmM=,JnugTgXfDP6bcnySoZKm27tLcYw=
1,11,T9nDo5cGIFuzrOb8sD4/Lf+vAmM=,UbRNezHr6+6Fvt6XQZCxX1MPi9A=
1,10,T9nDo5cGIFuzrOb8sD4/Lf+vAmM=,kQc1LTUB0Pxq7rfO0BZ/VJiiPSg=
1,13,T9nDo5cGIFuzrOb8sD4/Lf+vAmM=,pL7xJVw7Pn9LJ9TtlQ/Ro6Lq2oQ=
1,12,T9nDo5cGIFuzrOb8sD4/Lf+vAmM=,nFURrgsMGPuc5pYToAvaV7poVro=
1,14,T9nDo5cGIFuzrOb8sD4/Lf+vAmM=,7NdqEYadPsEC950OqhfB28xFSck=
2,2,7h8nlJcA1GzHzU7kWGi0Yye8hJE=,5zQ0EZ3DnDJR6L4iXhPkhFowaTU=
2,3,7h8nlJcA1GzHzU7kWGi0Yye8hJE=,HNamyIelrXdPZBTrx7hPDkU1J/I=
2,0,7h8nlJcA1GzHzU7kWGi0Yye8hJE=,8tCwHeuRxt3G4Crwke2fHDi1rDc=
2,1,7h8nlJcA1GzHzU7kWGi0Yye8hJE=,5zQ0EZ3DnDJR6L4iXhPkhFowaTU=
2,6,7h8nlJcA1GzHzU7kWGi0Yye8hJE=,p+BmGigRN/NwvRGd28NeYT/ZZzE=
2,7,7h8nlJcA1GzHzU7kWGi0Yye8hJE=,a3jDxlp7EQQ9rgd//G7+4MFd0tg=
2,4,7h8nlJcA1GzHzU7kWGi0Yye8hJE=,RDg3Oatxg0hqKb8HA3FdqFW2lC4=
2,5,7h8nlJcA1GzHzU7kWGi0Yye8hJE=,p+BmGigRN/NwvRGd28NeYT/ZZzE=
2,10,7h8nlJcA1GzHzU7kWGi0Yye8hJE=,y0DzYrrQ1/TOHFCU0quT6kz5WQI=
2,11,7h8nlJcA1GzHzU7kWGi0Yye8hJE=,/icLUpU8LQ0m4FROP1NtlgFPQ1g=
2,8,7h8nlJcA1GzHzU7kWGi0Yye8hJE=,SnS85fQjUU/LGjUiSto/5uo1yDE=
2,9,7h8nlJcA1GzHzU7kWGi0Yye8hJE=,x1KzEL/6urVTTwm8+dU2jU20yhY=
2,14,7h8nlJcA1GzHzU7kWGi0Yye8hJE=,GxvmXyhEmJZ4HCW36xDLDaWsG1E=
2,12,7h8nlJcA1GzHzU7kWGi0Yye8hJE=,xnNh1IlOzPws7L6Rtupw2FXW8bU=
2,13,7h8nlJcA1GzHzU7kWGi0Yye8hJE=,euZtaA8hQ/d0t1Rd7/bYmZ1JniQ=
3,3,7h8nlJcA1GzHzU7kWGi0Yye8hJE=,pOspbGauDPaWZ5OFWeBoLp2xSzs=
3,2,7h8nlJcA1GzHzU7kWGi0Yye8hJE=,jDy+naA3nl2iou9/9Wbt2stljts=
3,1,1ZjPmDBgo1FKrnGvnP1iLvsRp9A=,jDy+naA3nl2iou9/9Wbt2stljts=
3,0,1ZjPmDBgo1FKrnGvnP1iLvsRp9A=,RChQHqNtU4+BBXurUtI2FekQM/I=
3,7,1ZjPmDBgo1FKrnGvnP1iLvsRp9A=,LlqkFB3Xu4P3y5A2tguiUMwAqx0=
3,6,1ZjPmDBgo1FKrnGvnP1iLvsRp9A=,RZF4JqpY4G4xE2PDVtVUq0J+PeA=
3,5,1ZjPmDBgo1FKrnGvnP1iLvsRp9A=,vVuDO/njxoM8tgsWwtqG22NBPfE=
3,4,1ZjPmDBgo1FKrnGvnP1iLvsRp9A=,xKFXArN0mIpGZByQ8kNOm8FnfI0=
3,11,1ZjPmDBgo1FKrnGvnP1iLvsRp9A=,bWbEAeHqlohDUg+m+NrbtYoudUY=
3,10,1ZjPmDBgo1FKrnGvnP1iLvsRp9A=,12JVbMnACqmcrdWGAGpckviOAZs=
3,9,1ZjPmDBgo1FKrnGvnP1iLvsRp9A=,twHPxiahrZyf0jIfWGTdKymtujs=
3,8,1ZjPmDBgo1FKrnGvnP1iLvsRp9A=,Zy2dke6fQ223U6YQEVCcIVVy7Qg=
3,14,1ZjPmDBgo1FKrnGvnP1iLvsRp9A=,sNReCfdDcjBDFw7P/2BLjKn9ceI=
3,13,1ZjPmDBgo1FKrnGvnP1iLvsRp9A=,3pfWee2nsDcsHpGykQ621OZB4Ag=
3,12,1ZjPmDBgo1FKrnGvnP1iLvsRp9A=,RsixvnTf2Kco3+jTnYLp9qot8zo=
4,4,1ZjPmDBgo1FKrnGvnP1iLvsRp9A=,ViRTRYL59hq8KHACfnsjU0807s8=
4,5,1ZjPmDBgo1FKrnGvnP1iLvsRp9A=,Y9vcq5/pPQnq5pPDDCoA8ZnHpnY=
4,6,1ZjPmDBgo1FKrnGvnP1iLvsRp9A=,Y9vcq5/pPQnq5pPDDCoA8ZnHpnY=
4,7,1ZjPmDBgo1FKrnGvnP1iLvsRp9A=,4vYbwNF4s6umgMFZfdXRLkPZw8I=
4,0,1ZjPmDBgo1FKrnGvnP1iLvsRp9A=,UPWjwhF2+fGnIHcUG+rYRFZpcuQ=
4,1,1ZjPmDBgo1FKrnGvnP1iLvsRp9A=,WP6XemoxKY+4xqTDbKR5RgY+DxA=
4,2,n23jHH1EFCym6x/ZAIKnnYoGQcs=,CoGzT+EblxwM7sJOfupPESXPJdc=
4,3,n23jHH1EFCym6x/ZAIKnnYoGQcs=,zgRy9c6Zi/bfqF/cwHmZsEHSRts=
4,12,n23jHH1EFCym6x/ZAIKnnYoGQcs=,pfZXQcuVc5BvMKkVXcDiR7JkNjA=
4,13,n23jHH1EFCym6x/ZAIKnnYoGQcs=,0AFNgtUTx4sRd9RPQD5I2/XwDsM=
4,14,n23jHH1EFCym6x/ZAIKnnYoGQcs=,/9mYtKKhZTZPST8oiuYdHqW61qk=
4,8,n23jHH1EFCym6x/ZAIKnnYoGQcs=,ucAj9DUbWuDA+cM2vcX/vyuu1MY=
4,9,n23jHH1EFCym6x/ZAIKnnYoGQcs=,LPpVwJZA9TWXZTbKvJWSkW/WfwU=
4,10,n23jHH1EFCym6x/ZAIKnnYoGQcs=,+iS4u7VBC6l8YwkX9oYKgeHKjHA=
4,11,n23jHH1EFCym6x/ZAIKnnYoGQcs=,bAL/R4DsGuWa2lGT2RiCT9vGRZ0=
5,5,n23jHH1EFCym6x/ZAIKnnYoGQcs=,cY+aGKtVAnQ5mdLk2pqKyFCsdpk=
5,4,n23jHH1EFCym6x/ZAIKnnYoGQcs=,6IAAU9PjKV9hHQUD5Sf0sAITudA=
5,7,n23jHH1EFCym6x/ZAIKnnYoGQcs=,/lxmt62UqoZzYueQNP0rgCDp6WU=
5,6,n23jHH1EFCym6x/ZAIKnnYoGQcs=,cY+aGKtVAnQ5mdLk2pqKyFCsdpk=
5,1,n23jHH1EFCym6x/ZAIKnnYoGQcs=,OJssg9no+BjlmEXo7FKy1xnGxBI=
5,0,n23jHH1EFCym6x/ZAIKnnYoGQcs=,O0mmOy1P+zXILjrcZ6KHqEF/jlY=
5,3,n23jHH1EFCym6x/ZAIKnnYoGQcs=,snMtZvylgX0s97HJ3R1LuSQGW1Y=
5,2,n23jHH1EFCym6x/ZAIKnnYoGQcs=,TJrvDJqVMHWJ/UcECRZm8qvAznA=
5,13,n23jHH1EFCym6x/ZAIKnnYoGQcs=,x3YqkHK8ciZcQS85ObsL8Jy7lKs=
5,12,n23jHH1EFCym6x/ZAIKnnYoGQcs=,+wPLn0sI3LF/V4q1cvN16VffwhA=
5,14,n23jHH1EFCym6x/ZAIKnnYoGQcs=,AiKRqEeaqoTYduRGw0n/Jn+mAa4=
5,9,n23jHH1EFCym6x/ZAIKnnYoGQcs=,/5TjxaQvvBx3Qg0AEBhkO1QI9tw=
5,8,n23jHH1EFCym6x/ZAIKnnYoGQcs=,opYm+PB0vY9e+RUXTzAPCqHX8rs=
5,11,S8Dn+NQsKFtCLu+U+0WY+y+Cp0I=,smKKv+h6c+auMEnPp5a35ru5PxA=
5,10,S8Dn+NQsKFtCLu+U+0WY+y+Cp0I=,0wkcf8o0/c5GtsNl63b8NQQCeRE=
6,6,S8Dn+NQsKFtCLu+U+0WY+y+Cp0I=,j8ZEmbIn6HAF6NTYDqOEikJAO5I=
6,7,S8Dn+NQsKFtCLu+U+0WY+y+Cp0I=,0DeI80HRwqDWRFAEZqYwTkaJweA=
6,4,S8Dn+NQsKFtCLu+U+0WY+y+Cp0I=,Ubq8WC3tDyGj3jjaj2o64hWy0r4=
6,5,S8Dn+NQsKFtCLu+U+0WY+y+Cp0I=,j8ZEmbIn6HAF6NTYDqOEikJAO5I=
6,2,S8Dn+NQsKFtCLu+U+0WY+y+Cp0I=,nK5FgDeyuD2cr+7YKukFDmSBEGI=
6,3,S8Dn+NQsKFtCLu+U+0WY+y+Cp0I=,YPjL8MFBWz0Iv5EZvB48TBSfpCw=
6,0,S8Dn+NQsKFtCLu+U+0WY+y+Cp0I=,zVoGz/ZmcYGbaTdxVRBfplX5mtI=
6,1,S8Dn+NQsKFtCLu+U+0WY+y+Cp0I=,zZ+gQxrwuqxSsw+SodUrUkyZGko=
6,14,S8Dn+NQsKFtCLu+U+0WY+y+Cp0I=,AiKRqEeaqoTYduRGw0n/Jn+mAa4=
6,12,S8Dn+NQsKFtCLu+U+0WY+y+Cp0I=,oe9R+zaXnw3hLo58UBFObjD0t78=
6,13,S8Dn+NQsKFtCLu+U+0WY+y+Cp0I=,DEi/MNssAtRvawbo65/4KABrglQ=
6,10,S8Dn+NQsKFtCLu+U+0WY+y+Cp0I=,q31eCRUXj3kHmkyM9ncNtocP8cQ=
6,11,S8Dn+NQsKFtCLu+U+0WY+y+Cp0I=,2pjrBWxCfyp9M4qsOIKiY+grG6A=
6,8,S8Dn+NQsKFtCLu+U+0WY+y+Cp0I=,VfkduBbKwonGMzjmRWI3wDgX+9w=
6,9,S8Dn+NQsKFtCLu+U+0WY+y+Cp0I=,9N3YFT7lIpJt6F9cG7oX9omLtHo=
7,7,S8Dn+NQsKFtCLu+U+0WY+y+Cp0I=,djhxr2McCgxIpDhKDed/fs1ulGE=
7,6,S8Dn+NQsKFtCLu+U+0WY+y+Cp0I=,X1lhe+gw73GsGnRrRBFSogSoGkc=
7,5,S8Dn+NQsKFtCLu+U+0WY+y+Cp0I=,5cGFiyqdNEsGxkxgd7KnEV5o8Nk=
7,4,S8Dn+NQsKFtCLu+U+0WY+y+Cp0I=,ZO/bKBN6efLTvGYmyY4tPHwb23A=
7,3,S8Dn+NQsKFtCLu+U+0WY+y+Cp0I=,oGZ449wIox0ljfycQSWeJZ6Fs2k=
7,2,WDi7CnQJhlBQMeULlw1Y47DJJNo=,3naPTTKg5MWDPIS/OBqR3yW9VUk=
7,1,WDi7CnQJhlBQMeULlw1Y47DJJNo=,3naPTTKg5MWDPIS/OBqR3yW9VUk=
7,0,WDi7CnQJhlBQMeULlw1Y47DJJNo=,DXM6Q0mmO2myTZyOvjcETRJHq4s=
7,14,WDi7CnQJhlBQMeULlw1Y47DJJNo=,yl5Ud8tEWYDyznkO+lLecbyYpNI=
7,13,WDi7CnQJhlBQMeULlw1Y47DJJNo=,p1tcdpUOQjmNEelKdDs5ndF2m0Y=
7,12,WDi7CnQJhlBQMeULlw1Y47DJJNo=,iMEsSUCsZG7KsS1elIhdSQvlkZo=
7,11,WDi7CnQJhlBQMeULlw1Y47DJJNo=,gcOcqKqBOo2EmapmuNe90OIETrQ=
7,10,WDi7CnQJhlBQMeULlw1Y47DJJNo=,qtnNGyxdXyGPZXR9aUGblsGGZAI=
7,9,WDi7CnQJhlBQMeULlw1Y47DJJNo=,oCfNcSPk7oLwWDR9dqas84ZAhtY=
7,8,WDi7CnQJhlBQMeULlw1Y47DJJNo=,lQ+98qubx/5+I7rezo8co3E3FEM=
8,8,WDi7CnQJhlBQMeULlw1Y47DJJNo=,GhN9A28VwJ0Dym3/AtTYYETncdo=
8,9,WDi7CnQJhlBQMeULlw1Y47DJJNo=,8TW5UG1Ek2kPrHNLE6FdCMoZrIw=
8,10,WDi7CnQJhlBQMeULlw1Y47DJJNo=,5EdgWBLlVwMUKileeGM0hZIEcro=
8,11,WDi7CnQJhlBQMeULlw1Y47DJJNo=,HN+E0RBPTyvrqHkilF0c9YYUPQg=
8,12,WDi7CnQJhlBQMeULlw1Y47DJJNo=,LKmFEJuFjUCHVPcXd51fXk0rZYo=
8,13,WDi7CnQJhlBQMeULlw1Y47DJJNo=,5cp9dq9PF19MEkabSLo7Q9la/Es=
8,14,WDi7CnQJhlBQMeULlw1Y47DJJNo=,kUX0Vhuji6kxc8Uj5AAR4zdFt6c=
8,0,WDi7CnQJhlBQMeULlw1Y47DJJNo=,UYFs8Cab6VTDappsReaClaJTjXo=
8,1,WDi7CnQJhlBQMeULlw1Y47DJJNo=,KNyJanUt9K94CmLfNwyE83us0x0=
8,2,WDi7CnQJhlBQMeULlw1Y47DJJNo=,vta65eyyReQq6lMdHq7g/1D7GJI=
8,3,WDi7CnQJhlBQMeULlw1Y47DJJNo=,UYFs8Cab6VTDappsReaClaJTjXo=
8,4,WDi7CnQJhlBQMeULlw1Y47DJJNo=,SHwggWlzxAJWeBHyjYHYA6v3lyo=
8,5,WDi7CnQJhlBQMeULlw1Y47DJJNo=,jCUfvLDcizZOqr0MfUEHFusIrVI=
8,6,kgTawpXTM6V613CwbGXTazFDsnY=,MmW3jMWud0wSOZnkNrDl5WJLYV4=
8,7,kgTawpXTM6V613CwbGXTazFDsnY=,3Bxyr/Dh0o6seIfUJrvZn5JzXpY=
9,9,kgTawpXTM6V613CwbGXTazFDsnY=,3SMHRYkSCbsM8OzudaKeo3pDZK0=
9,8,kgTawpXTM6V613CwbGXTazFDsnY=,IuImNiRBB2Sgi17tuSZJKjZh5lw=
9,11,kgTawpXTM6V613CwbGXTazFDsnY=,nmycEbMPbie2eRFvquByCLVpG4g=
9,10,kgTawpXTM6V613CwbGXTazFDsnY=,f0kfLXqMB5JvHph7YgsB7+JEMXE=
9,13,kgTawpXTM6V613CwbGXTazFDsnY=,7DIyOtrPSRPEOmSXGP9yz9g6rcE=
9,12,kgTawpXTM6V613CwbGXTazFDsnY=,2T3P4D8oy0pUkrz4lugVqmSU1rE=
9,14,kgTawpXTM6V613CwbGXTazFDsnY=,aqzWPL9/9D9qHmH0ADl+v9awMbs=
9,1,kgTawpXTM6V613CwbGXTazFDsnY=,o4dC7Kv7swtJiaBJfDpRe3sCRE8=
9,0,kgTawpXTM6V613CwbGXTazFDsnY=,qBCylOpWsAVL5gJ0fTh8zhthO1U=
9,3,kgTawpXTM6V613CwbGXTazFDsnY=,+YBf63kCRZK8saY8txI0RhHVbAg=
9,2,kgTawpXTM6V613CwbGXTazFDsnY=,nb/+CXjkiWd8af5KhUQq49OzETc=
9,5,kgTawpXTM6V613CwbGXTazFDsnY=,QyDmvx3VS/2oPm4NDwVjNU9bMuk=
9,4,kgTawpXTM6V613CwbGXTazFDsnY=,F2x/KwvrXMbXONRytSLAHTuMszQ=
9,7,kgTawpXTM6V613CwbGXTazFDsnY=,OS17bzRQPTcBFJzjbctvL5OZ6KA=
9,6,kgTawpXTM6V613CwbGXTazFDsnY=,UqZVfwA+CvqKD5M/lIp9JqTEGV4=
10,10,kgTawpXTM6V613CwbGXTazFDsnY=,7ucv2l4aTaWgmOItpDmWFNDsXSk=
10,11,kgTawpXTM6V613CwbGXTazFDsnY=,QLes2Nsu43wfEr0rK7Xy+oedYGM=
10,8,kgTawpXTM6V613CwbGXTazFDsnY=,rOvav03QBbTXa+T+Sd4pYf/Y2eQ=
10,9,kgTawpXTM6V613CwbGXTazFDsnY=,3LUPNtGbx0drXtT2Ycv5d7GVSTc=
10,14,W5vUUaryWPhQdKMiXFf/OhrBwwc=,N8hAGy5DxZ6lFV9m+BydnNnAQQ0=
10,12,W5vUUaryWPhQdKMiXFf/OhrBwwc=,DcQLI/4vBraayexbdg4tRMTTvEM=
10,13,W5vUUaryWPhQdKMiXFf/OhrBwwc=,B9mMgbZS0JW5125V5qEmsdKrCns=
10,2,W5vUUaryWPhQdKMiXFf/OhrBwwc=,DDePKbypct23ud8v7G0a7eTWHl0=
10,3,W5vUUaryWPhQdKMiXFf/OhrBwwc=,EOJxM9R5T+U3d0ieiQUr60gs2vc=
10,0,W5vUUaryWPhQdKMiXFf/OhrBwwc=,6qVLs4BubTs++o5b/zzxofFHA/Y=
10,1,W5vUUaryWPhQdKMiXFf/OhrBwwc=,Xsfztu2hBmPiLZ2xTIoofvZeCps=
10,6,W5vUUaryWPhQdKMiXFf/OhrBwwc=,njODnPiqBfPsnRBhVeEz6E1aFb0=
10,7,W5vUUaryWPhQdKMiXFf/OhrBwwc=,GoKmr3LgJ/li2yVhvUKIj0n7lHM=
10,4,W5vUUaryWPhQdKMiXFf/OhrBwwc=,pP7Fl2pdrfTUznn8SeMWXU/+Xvo=
10,5,W5vUUaryWPhQdKMiXFf/OhrBwwc=,JxY/Zh6WacjR2F9sFmWWkPhBDs4=
11,11,W5vUUaryWPhQdKMiXFf/OhrBwwc=,jjIVjuLygn8G8B+zYP4KnEc/XkY=
11,10,W5vUUaryWPhQdKMiXFf/OhrBwwc=,fhNedW4JvPJMcAsQ+bd+jDQajLs=
11,9,W5vUUaryWPhQdKMiXFf/OhrBwwc=,JdOaz9U2GDE9QKaFQw0QkDYOwx0=
11,8,W5vUUaryWPhQdKMiXFf/OhrBwwc=,hw59OzVbHzqYfTgN4ndIB0N4fxU=
11,14,W5vUUaryWPhQdKMiXFf/OhrBwwc=,NsJI2oDWopgFEJlethWC4UPxZos=
11,13,W5vUUaryWPhQdKMiXFf/OhrBwwc=,fY+Po+KZyNb0u1QId+RYgaZTQ/I=
11,12,W5vUUaryWPhQdKMiXFf/OhrBwwc=,vMH35IoBaLA3pCp23jQhckMeuDw=
11,3,W5vUUaryWPhQdKMiXFf/OhrBwwc=,0kkD6/aF5K4lsKIiWet+iw3ozgo=
11,2,W5vUUaryWPhQdKMiXFf/OhrBwwc=,0kkD6/aF5K4lsKIiWet+iw3ozgo=
11,1,W5vUUaryWPhQdKMiXFf/OhrBwwc=,Y//tRQW05NIoO+DiXu0fW57G+Ao=
11,0,W5vUUaryWPhQdKMiXFf/OhrBwwc=,rYTlJYfs4oLx9IzoUKsRqzYccxo=
11,7,BdWsXT0iDWpMNJNyK6bXVDC60f0=,vt/Yb46oYpaGVfWFWC2oCMdroUA=
11,6,BdWsXT0iDWpMNJNyK6bXVDC60f0=,2Ln92puLQQL1g1qgyDTuttwaoj4=
11,5,BdWsXT0iDWpMNJNyK6bXVDC60f0=,zq+09WzV3bpxmOr+dmsaRpVRqrI=
11,4,BdWsXT0iDWpMNJNyK6bXVDC60f0=,+pNElX9aUOI+k9imgymfEvUzYwE=
12,12,BdWsXT0iDWpMNJNyK6bXVDC60f0=,rsJROrFXQGOrjmkG487Q9f7WSwg=
12,13,BdWsXT0iDWpMNJNyK6bXVDC60f0=,rsJROrFXQGOrjmkG487Q9f7WSwg=
12,14,BdWsXT0iDWpMNJNyK6bXVDC60f0=,NsJI2oDWopgFEJlethWC4UPxZos=
12,8,BdWsXT0iDWpMNJNyK6bXVDC60f0=,K7IfEA1ES5z+p2/p1SnzTVlhBYk=
12,9,BdWsXT0iDWpMNJNyK6bXVDC60f0=,laL+3gGxA/omkNbe0zyVNVG0UOI=
12,10,BdWsXT0iDWpMNJNyK6bXVDC60f0=,WthQh+6gHQRvERbv1hE8MyUg2e0=
12,11,BdWsXT0iDWpMNJNyK6bXVDC60f0=,qN56rULkY5eQ0asgQS+KNSpdeGg=
12,4,BdWsXT0iDWpMNJNyK6bXVDC60f0=,iI9Dvm3lRXZvV4Ydt5Pi6aRWO9s=
12,5,BdWsXT0iDWpMNJNyK6bXVDC60f0=,4i9eFu77AdWnXGaj+v8V+2te0QQ=
12,6,BdWsXT0iDWpMNJNyK6bXVDC60f0=,X4Nau0/XyXHmj4koxGahEUbWuwM=
12,7,BdWsXT0iDWpMNJNyK6bXVDC60f0=,JA+xxWpwG4SMjt3G7AkAAr0TP08=
12,0,BdWsXT0iDWpMNJNyK6bXVDC60f0=,k15CONpXTqx59Ao9wL5o27pGJeU=
12,1,BdWsXT0iDWpMNJNyK6bXVDC60f0=,6F7NRJ9h9vQFrPDYRO3Af66gxMU=
12,2,BdWsXT0iDWpMNJNyK6bXVDC60f0=,lt5VHdk1BwI021IpRVQTH3beenw=
12,3,BdWsXT0iDWpMNJNyK6bXVDC60f0=,XNwgkNsm2MKkX0t1piLNWc6KFN0=
13,13,BdWsXT0iDWpMNJNyK6bXVDC60f0=,2oMGxPvi+t32SqWGDOxQgBrAcbg=
13,12,BdWsXT0iDWpMNJNyK6bXVDC60f0=,4082RJdM7c+ATdVaD8AsEi5xCnU=
13,14,BdWsXT0iDWpMNJNyK6bXVDC60f0=,NTJAJYtV/8baA0LMbF+VJwJMt6w=
13,9,BdWsXT0iDWpMNJNyK6bXVDC60f0=,aYEka41K1ryGSOUHGfl0D2k0hM4=
13,8,BdWsXT0iDWpMNJNyK6bXVDC60f0=,7sIH1xo7jqswQUtQrJRGVKliB38=
13,11,BdWsXT0iDWpMNJNyK6bXVDC60f0=,wQrJPNszGPAdLZSwmhNjRSI3NLo=
13,10,BdWsXT0iDWpMNJNyK6bXVDC60f0=,Om/AcnwSsy3mEuADDhJ/YdADgtQ=
13,5,jnRxBZYvkQ9yxo6UvqkWDrfXuvs=,NSz6MUbvqysSB9bOtbXHKMq9x+c=
13,4,jnRxBZYvkQ9yxo6UvqkWDrfXuvs=,biPnmAWb6obudH7TK1gAGtVeMds=
13,7,jnRxBZYvkQ9yxo6UvqkWDrfXuvs=,hCPup65pCgzJRljOiLS8DBFcwr0=
13,6,jnRxBZYvkQ9yxo6UvqkWDrfXuvs=,PKMNYuFLnoccht4VN1lsArMMcDc=
13,1,jnRxBZYvkQ9yxo6UvqkWDrfXuvs=,gQYaMllB4zv6IUer4mx0Yto5s8Q=
13,0,jnRxBZYvkQ9yxo6UvqkWDrfXuvs=,kCyDmaCv/MFOqqzJBRL2FoEQn9M=
13,3,jnRxBZYvkQ9yxo6UvqkWDrfXuvs=,ikk7+ZYmrJEIKBIrfHeMW6ly4D4=
13,2,jnRxBZYvkQ9yxo6UvqkWDrfXuvs=,1614gBlBz+qWNl/ETBS1yYrEXK0=
14,14,jnRxBZYvkQ9yxo6UvqkWDrfXuvs=,6P6frMKJ7uYInZNh9s5MJlgbMMk=
14,12,jnRxBZYvkQ9yxo6UvqkWDrfXuvs=,P6sVn0+9tA6c7UzctFV9Pfnnu5E=
14,13,jnRxBZYvkQ9yxo6UvqkWDrfXuvs=,qG1xne1JbNS+Gd0QEnHEFCwn3CE=
14,10,jnRxBZYvkQ9yxo6UvqkWDrfXuvs=,Y6hC6i6BQbRTpBJ3ptoDJCXet8g=
14,11,jnRxBZYvkQ9yxo6UvqkWDrfXuvs=,NmQneA3hMixRTYAiaop+ceio2Us=
14,8,jnRxBZYvkQ9yxo6UvqkWDrfXuvs=,dJ6YEAGVsUwzAEC4a89pfQiBZEw=
14,9,jnRxBZYvkQ9yxo6UvqkWDrfXuvs=,kOegNZ3aoiPWPQ2BqU7kKZclp2Y=
14,6,jnRxBZYvkQ9yxo6UvqkWDrfXuvs=,XP63quQ+0dbLLBEfovxeOsg+8PY=
14,7,jnRxBZYvkQ9yxo6UvqkWDrfXuvs=,QfCtJ0y4ML9W6z1kQ3Gi+UWIf8Q=
14,4,jnRxBZYvkQ9yxo6UvqkWDrfXuvs=,y9u9cwd3TeksEf++oFSRzmfMpUg=
14,5,jnRxBZYvkQ9yxo6UvqkWDrfXuvs=,OVyDaM9zXMoW94Eo+1wolApOrOU=
14,2,jnRxBZYvkQ9yxo6UvqkWDrfXuvs=,tFiMeSt+fugc2j9ao7R4E0N+0mE=
14,3,jnRxBZYvkQ9yxo6UvqkWDrfXuvs=,TPFOtKMh5bg32tTQKlb+pSIQWo4=
14,0,jnRxBZYvkQ9yxo6UvqkWDrfXuvs=,qEK+xkDWHniFZWOK9R0mFUnjdrI=
14,1,jnRxBZYvkQ9yxo6UvqkWDrfXuvs=,i9MMItKHvFlyUIp6Oq58AbEbICM=
15,14,jnRxBZYvkQ9yxo6UvqkWDrfXuvs=,F5Ox8HN2uLrW55QoXvYi9wnqOZo=
15,13,GAcsChFE1l1Cljn/5E1odQfx3q4=,tpTFttPdQ6q+6JgfKCNzx5nQIQo=
15,12,GAcsChFE1l1Cljn/5E1odQfx3q4=,pUhMFAMUkAmMQ6iso9QaPJdQ7J8=
15,11,GAcsChFE1l1Cljn/5E1odQfx3q4=,cMoo1NpQQBt0hfzwufuKYb6wg+M=
15,10,GAcsChFE1l1Cljn/5E1odQfx3q4=,pGzy6iOL+lBoMOwlFrr02McCZeA=
15,9,GAcsChFE1l1Cljn/5E1odQfx3q4=,f6wByN10/kNTeW5okCNkFgI7Umg=
15,8,GAcsChFE1l1Cljn/5E1odQfx3q4=,DM7NP2P9AKXQdeHw202UUAnj0Uc=
15,7,GAcsChFE1l1Cljn/5E1odQfx3q4=,Kdopy4rdUR+DWCUL7nEZ8Lc9/+8=
15,6,GAcsChFE1l1Cljn/5E1odQfx3q4=,UOWD5d08hooqOdmhH9NEjlkeV3w=
15,5,GAcsChFE1l1Cljn/5E1odQfx3q4=,85a9LtrKM3u6KKwlqTsMHWqq8ZQ=
15,4,GAcsChFE1l1Cljn/5E1odQfx3q4=,/wWN+/8aspiiCk9VEQXrRrzPAtQ=
15,3,GAcsChFE1l1Cljn/5E1odQfx3q4=,6SynlfOH0naAw4X9kmrMcs0kEIs=
15,2,GAcsChFE1l1Cljn/5E1odQfx3q4=,z9HqCXaPQFFMujIK1F+sFs736Ag=
15,1,GAcsChFE1l1Cljn/5E1odQfx3q4=,05c0Thkc39snXNUWIB3vHh0Joo8=
15,0,GAcsChFE1l1Cljn/5E1odQfx3q4=,05c0Thkc39snXNUWIB3vHh0Joo8=
